"Data Source","World Development Indicators",

"Last Updated Date","2019-10-28",

"Country Name","Country Code","Indicator Name","Indicator Code","1960","1961","1962","1963","1964","1965","1966","1967","1968","1969","1970","1971","1972","1973","1974","1975","1976","1977","1978","1979","1980","1981","1982","1983","1984","1985","1986","1987","1988","1989","1990","1991","1992","1993","1994","1995","1996","1997","1998","1999","2000","2001","2002","2003","2004","2005","2006","2007","2008","2009","2010","2011","2012","2013","2014","2015","2016","2017","2018","2019",
"Aruba","ABW","Informal employment (% of total non-agricultural employment)","SL.ISV.IFRM.ZS","","","","","","","","","","","","","","","","","","","","","","","","","","","","","","","","","","","","","","","","","","","","","","","","","","","","","","","","","","","","",
"Afghanistan","AFG","Informal employment (% of total non-agricultural employment)","SL.ISV.IFRM.ZS","","","","","","","","","","","","","","","","","","","","","","","","","","","","","","","","","","","","","","","","","","","","","","","","","","","","","","","","","","","","",
"Angola","AGO","Informal employment (% of total non-agricultural employment)","SL.ISV.IFRM.ZS","","","","","","","","","","","","","","","","","","","","","","","","","","","","","","","","","","","","","","","","","","","","","68.2200012207031","","","","","","","68.0999984741211","","","","","","","","",
"Albania","ALB","Informal employment (% of total non-agricultural employment)","SL.ISV.IFRM.ZS","","","","","","","","","","","","","","","","","","","","","","","","","","","","","","","","","","","","","","","","","","","","","","","","","","","","","40.1699981689453","33.1100006103516","","","","","","",
"Andorra","AND","Informal employment (% of total non-agricultural employment)","SL.ISV.IFRM.ZS","","","","","","","","","","","","","","","","","","","","","","","","","","","","","","","","","","","","","","","","","","","","","","","","","","","","","","","","","","","","",
"Arab World","ARB","Informal employment (% of total non-agricultural employment)","SL.ISV.IFRM.ZS","","","","","","","","","","","","","","","","","","","","","","","","","","","","","","","","","","","","","","","","","","","","","","","","","","","","","","","","","","","","",
"United Arab Emirates","ARE","Informal employment (% of total non-agricultural employment)","SL.ISV.IFRM.ZS","","","","","","","","","","","","","","","","","","","","","","","","","","","","","","","","","","","","","","","","","","","","","","","","","","","","","","","","","","","","",
"Argentina","ARG","Informal employment (% of total non-agricultural employment)","SL.ISV.IFRM.ZS","","","","","","","","","","","","","","","","","","","","","","","","","","","","","","","","","","","","","","","","","","","","","59.3199996948242","57.7599983215332","55.0299987792969","","49.9500007629395","49.4300003051758","48.1500015258789","47.5999984741211","47.7299995422363","47.3300018310547","46.7900009155273","","","47.9300003051758","48.1399993896484","",
"Armenia","ARM","Informal employment (% of total non-agricultural employment)","SL.ISV.IFRM.ZS","","","","","","","","","","","","","","","","","","","","","","","","","","","","","","","","","","","","","","","","","","","","","","","","","30.8500003814697","26.6399993896484","","39.0999984741211","39.0299987792969","38.2000007629395","37.5499992370605","26.5100002288818","24.8799991607666","24.75","","",
"American Samoa","ASM","Informal employment (% of total non-agricultural employment)","SL.ISV.IFRM.ZS","","","","","","","","","","","","","","","","","","","","","","","","","","","","","","","","","","","","","","","","","","","","","","","","","","","","","","","","","","","","",
"Antigua and Barbuda","ATG","Informal employment (% of total non-agricultural employment)","SL.ISV.IFRM.ZS","","","","","","","","","","","","","","","","","","","","","","","","","","","","","","","","","","","","","","","","","","","","","","","","","","","","","","","","","","","","",
"Australia","AUS","Informal employment (% of total non-agricultural employment)","SL.ISV.IFRM.ZS","","","","","","","","","","","","","","","","","","","","","","","","","","","","","","","","","","","","","","","","","","","","","","","","","","","","","","","","","","","","",
"Austria","AUT","Informal employment (% of total non-agricultural employment)","SL.ISV.IFRM.ZS","","","","","","","","","","","","","","","","","","","","","","","","","","","","","","","","","","","","","","","","","","","","","","","","","","","","","","","","","","","","",
"Azerbaijan","AZE","Informal employment (% of total non-agricultural employment)","SL.ISV.IFRM.ZS","","","","","","","","","","","","","","","","","","","","","","","","","","","","","","","","","","","","","","","","","","","","","","","","","","","","","","","","","","","","",
"Burundi","BDI","Informal employment (% of total non-agricultural employment)","SL.ISV.IFRM.ZS","","","","","","","","","","","","","","","","","","","","","","","","","","","","","","","","","","","","","","","","","","","","","","","","","","","","","","","89.4400024414063","","","","","",
"Belgium","BEL","Informal employment (% of total non-agricultural employment)","SL.ISV.IFRM.ZS","","","","","","","","","","","","","","","","","","","","","","","","","","","","","","","","","","","","","","","","","","","","","","","","","","","","","","","","","","","","",
"Benin","BEN","Informal employment (% of total non-agricultural employment)","SL.ISV.IFRM.ZS","","","","","","","","","","","","","","","","","","","","","","","","","","","","","","","","","","","","","","","","","","","","","","","","","","","","94.5400009155273","","","","","","","","",
"Burkina Faso","BFA","Informal employment (% of total non-agricultural employment)","SL.ISV.IFRM.ZS","","","","","","","","","","","","","","","","","","","","","","","","","","","","","","","","","","","","","","","","","","","","","","","","","","","","","","","","","","","","",
"Bangladesh","BGD","Informal employment (% of total non-agricultural employment)","SL.ISV.IFRM.ZS","","","","","","","","","","","","","","","","","","","","","","","","","","","","","","","","","","","","","","","","","","","","","","","","","","","82.1999969482422","","","82.3899993896484","","","","91.3000030517578","","",
"Bulgaria","BGR","Informal employment (% of total non-agricultural employment)","SL.ISV.IFRM.ZS","","","","","","","","","","","","","","","","","","","","","","","","","","","","","","","","","","","","","","","","","","","","","","","","","","","","","","","","","","","","",
"Bahrain","BHR","Informal employment (% of total non-agricultural employment)","SL.ISV.IFRM.ZS","","","","","","","","","","","","","","","","","","","","","","","","","","","","","","","","","","","","","","","","","","","","","","","","","","","","","","","","","","","","",
"Bahamas, The","BHS","Informal employment (% of total non-agricultural employment)","SL.ISV.IFRM.ZS","","","","","","","","","","","","","","","","","","","","","","","","","","","","","","","","","","","","","","","","","","","","","","","","","","","","","","","","","","","","",
"Bosnia and Herzegovina","BIH","Informal employment (% of total non-agricultural employment)","SL.ISV.IFRM.ZS","","","","","","","","","","","","","","","","","","","","","","","","","","","","","","","","","","","","","","","","","","","","","","","24.6399993896484","23.7600002288818","21.1499996185303","18.3299999237061","18.1200008392334","16.3299999237061","18.8999996185303","","16.8199996948242","17.1000003814697","17.4699993133545","19.1100006103516","18.3400001525879","",
"Belarus","BLR","Informal employment (% of total non-agricultural employment)","SL.ISV.IFRM.ZS","","","","","","","","","","","","","","","","","","","","","","","","","","","","","","","","","","","","","","","","","","","","","","","","","","","","","","","","","","","","",
"Belize","BLZ","Informal employment (% of total non-agricultural employment)","SL.ISV.IFRM.ZS","","","","","","","","","","","","","","","","","","","","","","","","","","","","","","","","","","","","","","","","","","","","","","","","","","","","","","","","","","","","",
"Bermuda","BMU","Informal employment (% of total non-agricultural employment)","SL.ISV.IFRM.ZS","","","","","","","","","","","","","","","","","","","","","","","","","","","","","","","","","","","","","","","","","","","","","","","","","","","","","","","","","","","","",
"Bolivia","BOL","Informal employment (% of total non-agricultural employment)","SL.ISV.IFRM.ZS","","","","","","","","","","","","","","","","","","","","","","","","","","","","","","","","","","","","","","","","","","","","","","93.5899963378906","94.0599975585938","76.9199981689453","79.6800003051758","77.6999969482422","","76.5899963378906","75.6399993896484","72.6800003051758","78.8099975585938","78.2200012207031","75.129997253418","77.3300018310547","77.7200012207031","",
"Brazil","BRA","Informal employment (% of total non-agricultural employment)","SL.ISV.IFRM.ZS","","","","","","","","","","","","","","","","","","","","","","","","","","","","","","","","","","","","","","","","","","","","","","","","","","41.9799995422363","","38.5400009155273","38.2400016784668","37.0499992370605","37.7900009155273","38.2700004577637","","","","",
"Barbados","BRB","Informal employment (% of total non-agricultural employment)","SL.ISV.IFRM.ZS","","","","","","","","","","","","","","","","","","","","","","","","","","","","","","","","","","","","","","","","","","","","","","","","","","","","","","","","","","","","",
"Brunei Darussalam","BRN","Informal employment (% of total non-agricultural employment)","SL.ISV.IFRM.ZS","","","","","","","","","","","","","","","","","","","","","","","","","","","","","","","","","","","","","","","","","","","","","","","","","","","","","","","32.9900016784668","","","32.3600006103516","","",
"Bhutan","BTN","Informal employment (% of total non-agricultural employment)","SL.ISV.IFRM.ZS","","","","","","","","","","","","","","","","","","","","","","","","","","","","","","","","","","","","","","","","","","","","","","","","","","","","","","","","","","","","",
"Botswana","BWA","Informal employment (% of total non-agricultural employment)","SL.ISV.IFRM.ZS","","","","","","","","","","","","","","","","","","","","","","","","","","","","","","","","","","","","","","","","","","","","","","","","","","","","","","","","","","","","",
"Central African Republic","CAF","Informal employment (% of total non-agricultural employment)","SL.ISV.IFRM.ZS","","","","","","","","","","","","","","","","","","","","","","","","","","","","","","","","","","","","","","","","","","","","","","","","","","","","","","","","","","","","",
"Canada","CAN","Informal employment (% of total non-agricultural employment)","SL.ISV.IFRM.ZS","","","","","","","","","","","","","","","","","","","","","","","","","","","","","","","","","","","","","","","","","","","","","","","","","","","","","","","","","","","","",
"Central Europe and the Baltics","CEB","Informal employment (% of total non-agricultural employment)","SL.ISV.IFRM.ZS","","","","","","","","","","","","","","","","","","","","","","","","","","","","","","","","","","","","","","","","","","","","","","","","","","","","","","","","","","","","",
"Switzerland","CHE","Informal employment (% of total non-agricultural employment)","SL.ISV.IFRM.ZS","","","","","","","","","","","","","","","","","","","","","","","","","","","","","","","","","","","","","","","","","","","","","","","","","","","","","","","","","","","","",
"Channel Islands","CHI","Informal employment (% of total non-agricultural employment)","SL.ISV.IFRM.ZS","","","","","","","","","","","","","","","","","","","","","","","","","","","","","","","","","","","","","","","","","","","","","","","","","","","","","","","","","","","","",
"Chile","CHL","Informal employment (% of total non-agricultural employment)","SL.ISV.IFRM.ZS","","","","","","","","","","","","","","","","","","","","","","","","","","","","","","","","","","","","","","","","","","","","","","","","","","","","","","","","","","","27.6800003051758","",
"China","CHN","Informal employment (% of total non-agricultural employment)","SL.ISV.IFRM.ZS","","","","","","","","","","","","","","","","","","","","","","","","","","","","","","","","","","","","","","","","","","","","","","","","","","","","","","","","","","","","",
"Cote d'Ivoire","CIV","Informal employment (% of total non-agricultural employment)","SL.ISV.IFRM.ZS","","","","","","","","","","","","","","","","","","","","","","","","","","","","","","","","","","","","","","","","","","","","","","","","","","","","","92.1500015258789","96.2099990844727","","","87.6999969482422","84.8300018310547","","",
"Cameroon","CMR","Informal employment (% of total non-agricultural employment)","SL.ISV.IFRM.ZS","","","","","","","","","","","","","","","","","","","","","","","","","","","","","","","","","","","","","","","","","","","","","","","","79.2099990844727","","","","","","","82.3899993896484","","","","","",
"Congo, Dem. Rep.","COD","Informal employment (% of total non-agricultural employment)","SL.ISV.IFRM.ZS","","","","","","","","","","","","","","","","","","","","","","","","","","","","","","","","","","","","","","","","","","","","","","96.25","","","","","","","","","","","","","","",
"Congo, Rep.","COG","Informal employment (% of total non-agricultural employment)","SL.ISV.IFRM.ZS","","","","","","","","","","","","","","","","","","","","","","","","","","","","","","","","","","","","","","","","","","","","","","","","","","","","","","","","","","","","",
"Colombia","COL","Informal employment (% of total non-agricultural employment)","SL.ISV.IFRM.ZS","","","","","","","","","","","","","","","","","","","","","","","","","","","","","","","","","","","","","","","","","","","","","","","","","","","62.2999992370605","61.6100006103516","61.0499992370605","59.4099998474121","57.7000007629395","57.5","56.6100006103516","55.7799987792969","56.1599998474121","",
"Comoros","COM","Informal employment (% of total non-agricultural employment)","SL.ISV.IFRM.ZS","","","","","","","","","","","","","","","","","","","","","","","","","","","","","","","","","","","","","","","","","","","","","","","","","","","","","","","","","","","","",
"Cabo Verde","CPV","Informal employment (% of total non-agricultural employment)","SL.ISV.IFRM.ZS","","","","","","","","","","","","","","","","","","","","","","","","","","","","","","","","","","","","","","","","","","","","","","","","","","","","","","","","57.810001373291","","","","",
"Costa Rica","CRI","Informal employment (% of total non-agricultural employment)","SL.ISV.IFRM.ZS","","","","","","","","","","","","","","","","","","","","","","","","","","","","","","","","","","","","","","","","","","","","","","","","","","","35.3400001525879","32.7599983215332","35.2999992370605","37.2900009155273","36.8899993896484","37.3899993896484","35.7799987792969","35.4500007629395","36.0299987792969","",
"Caribbean small states","CSS","Informal employment (% of total non-agricultural employment)","SL.ISV.IFRM.ZS","","","","","","","","","","","","","","","","","","","","","","","","","","","","","","","","","","","","","","","","","","","","","","","","","","","","","","","","","","","","",
"Cuba","CUB","Informal employment (% of total non-agricultural employment)","SL.ISV.IFRM.ZS","","","","","","","","","","","","","","","","","","","","","","","","","","","","","","","","","","","","","","","","","","","","","","","","","","","","","","","","","","","","",
"Curacao","CUW","Informal employment (% of total non-agricultural employment)","SL.ISV.IFRM.ZS","","","","","","","","","","","","","","","","","","","","","","","","","","","","","","","","","","","","","","","","","","","","","","","","","","","","","","","","","","","","",
"Cayman Islands","CYM","Informal employment (% of total non-agricultural employment)","SL.ISV.IFRM.ZS","","","","","","","","","","","","","","","","","","","","","","","","","","","","","","","","","","","","","","","","","","","","","","","","","","","","","","","","","","","","",
"Cyprus","CYP","Informal employment (% of total non-agricultural employment)","SL.ISV.IFRM.ZS","","","","","","","","","","","","","","","","","","","","","","","","","","","","","","","","","","","","","","","","","","","","","","","","","","","","","","","","","","","","",
"Czech Republic","CZE","Informal employment (% of total non-agricultural employment)","SL.ISV.IFRM.ZS","","","","","","","","","","","","","","","","","","","","","","","","","","","","","","","","","","","","","","","","","","","","","","","","","","","","","","","","","","","","",
"Germany","DEU","Informal employment (% of total non-agricultural employment)","SL.ISV.IFRM.ZS","","","","","","","","","","","","","","","","","","","","","","","","","","","","","","","","","","","","","","","","","","","","","","","","","","","","","","","","","","","","",
"Djibouti","DJI","Informal employment (% of total non-agricultural employment)","SL.ISV.IFRM.ZS","","","","","","","","","","","","","","","","","","","","","","","","","","","","","","","","","","","","","","","","","","","","","","","","","","","","","","","","","","","","",
"Dominica","DMA","Informal employment (% of total non-agricultural employment)","SL.ISV.IFRM.ZS","","","","","","","","","","","","","","","","","","","","","","","","","","","","","","","","","","","","","","","","","","","","","","","","","","","","","","","","","","","","",
"Denmark","DNK","Informal employment (% of total non-agricultural employment)","SL.ISV.IFRM.ZS","","","","","","","","","","","","","","","","","","","","","","","","","","","","","","","","","","","","","","","","","","","","","","","","","","","","","","","","","","","","",
"Dominican Republic","DOM","Informal employment (% of total non-agricultural employment)","SL.ISV.IFRM.ZS","","","","","","","","","","","","","","","","","","","","","","","","","","","","","","","","","","","","","","","","","90.5699996948242","89.3199996948242","91.120002746582","90.2300033569336","90.2799987792969","67","61.810001373291","53.4099998474121","54.2099990844727","50.7900009155273","49.8400001525879","52.3400001525879","52.5699996948242","52.1599998474121","50.6300010681152","52.8600006103516","53.2000007629395","53.8899993896484","","",
"Algeria","DZA","Informal employment (% of total non-agricultural employment)","SL.ISV.IFRM.ZS","","","","","","","","","","","","","","","","","","","","","","","","","","","","","","","","","","","","","","","","","","","","","","","","","","","","","","","","","","","","",
"East Asia & Pacific (excluding high income)","EAP","Informal employment (% of total non-agricultural employment)","SL.ISV.IFRM.ZS","","","","","","","","","","","","","","","","","","","","","","","","","","","","","","","","","","","","","","","","","","","","","","","","","","","","","","","","","","","","",
"Early-demographic dividend","EAR","Informal employment (% of total non-agricultural employment)","SL.ISV.IFRM.ZS","","","","","","","","","","","","","","","","","","","","","","","","","","","","","","","","","","","","","","","","","","","","","","","","","","","","","","","","","","","","",
"East Asia & Pacific","EAS","Informal employment (% of total non-agricultural employment)","SL.ISV.IFRM.ZS","","","","","","","","","","","","","","","","","","","","","","","","","","","","","","","","","","","","","","","","","","","","","","","","","","","","","","","","","","","","",
"Europe & Central Asia (excluding high income)","ECA","Informal employment (% of total non-agricultural employment)","SL.ISV.IFRM.ZS","","","","","","","","","","","","","","","","","","","","","","","","","","","","","","","","","","","","","","","","","","","","","","","","","","","","","","","","","","","","",
"Europe & Central Asia","ECS","Informal employment (% of total non-agricultural employment)","SL.ISV.IFRM.ZS","","","","","","","","","","","","","","","","","","","","","","","","","","","","","","","","","","","","","","","","","","","","","","","","","","","","","","","","","","","","",
"Ecuador","ECU","Informal employment (% of total non-agricultural employment)","SL.ISV.IFRM.ZS","","","","","","","","","","","","","","","","","","","","","","","","","","","","","","","","","","","","","","","","","","76.6500015258789","","75.370002746582","75.7699966430664","75.6800003051758","75.7799987792969","75.4899978637695","74.2600021362305","71.3600006103516","68.0500030517578","64.6900024414063","62.9599990844727","61.6399993896484","60.1800003051758","60.6800003051758","63.3699989318848","64.8499984741211","64.7900009155273","",
"Egypt, Arab Rep.","EGY","Informal employment (% of total non-agricultural employment)","SL.ISV.IFRM.ZS","","","","","","","","","","","","","","","","","","","","","","","","","","","","","","","","","","","","","","","","","","","","","","","","","38.2999992370605","39.439998626709","43.1100006103516","43.8300018310547","41.6199989318848","42.8600006103516","","47.2000007629395","50.4599990844727","52.8899993896484","","",
"Euro area","EMU","Informal employment (% of total non-agricultural employment)","SL.ISV.IFRM.ZS","","","","","","","","","","","","","","","","","","","","","","","","","","","","","","","","","","","","","","","","","","","","","","","","","","","","","","","","","","","","",
"Eritrea","ERI","Informal employment (% of total non-agricultural employment)","SL.ISV.IFRM.ZS","","","","","","","","","","","","","","","","","","","","","","","","","","","","","","","","","","","","","","","","","","","","","","","","","","","","","","","","","","","","",
"Spain","ESP","Informal employment (% of total non-agricultural employment)","SL.ISV.IFRM.ZS","","","","","","","","","","","","","","","","","","","","","","","","","","","","","","","","","","","","","","","","","","","","","","","","","","","","","","","","","","","","",
"Estonia","EST","Informal employment (% of total non-agricultural employment)","SL.ISV.IFRM.ZS","","","","","","","","","","","","","","","","","","","","","","","","","","","","","","","","","","","","","","","","","","","","","","","","","","","","","","","","","","","","",
"Ethiopia","ETH","Informal employment (% of total non-agricultural employment)","SL.ISV.IFRM.ZS","","","","","","","","","","","","","","","","","","","","","","","","","","","","","","","","","","","","","","","","","","","","","","","","","","","","","","","","","","","","",
"European Union","EUU","Informal employment (% of total non-agricultural employment)","SL.ISV.IFRM.ZS","","","","","","","","","","","","","","","","","","","","","","","","","","","","","","","","","","","","","","","","","","","","","","","","","","","","","","","","","","","","",
"Fragile and conflict affected situations","FCS","Informal employment (% of total non-agricultural employment)","SL.ISV.IFRM.ZS","","","","","","","","","","","","","","","","","","","","","","","","","","","","","","","","","","","","","","","","","","","","","","","","","","","","","","","","","","","","",
"Finland","FIN","Informal employment (% of total non-agricultural employment)","SL.ISV.IFRM.ZS","","","","","","","","","","","","","","","","","","","","","","","","","","","","","","","","","","","","","","","","","","","","","","","","","","","","","","","","","","","","",
"Fiji","FJI","Informal employment (% of total non-agricultural employment)","SL.ISV.IFRM.ZS","","","","","","","","","","","","","","","","","","","","","","","","","","","","","","","","","","","","","","","","","","","","","","","","","","","","","","","","","","","","",
"France","FRA","Informal employment (% of total non-agricultural employment)","SL.ISV.IFRM.ZS","","","","","","","","","","","","","","","","","","","","","","","","","","","","","","","","","","","","","","","","","","","","","","","","","","","","","","","","","","","","",
"Faroe Islands","FRO","Informal employment (% of total non-agricultural employment)","SL.ISV.IFRM.ZS","","","","","","","","","","","","","","","","","","","","","","","","","","","","","","","","","","","","","","","","","","","","","","","","","","","","","","","","","","","","",
"Micronesia, Fed. Sts.","FSM","Informal employment (% of total non-agricultural employment)","SL.ISV.IFRM.ZS","","","","","","","","","","","","","","","","","","","","","","","","","","","","","","","","","","","","","","","","","","","","","","","","","","","","","","","","","","","","",
"Gabon","GAB","Informal employment (% of total non-agricultural employment)","SL.ISV.IFRM.ZS","","","","","","","","","","","","","","","","","","","","","","","","","","","","","","","","","","","","","","","","","","","","","","","","","","","","","","","","","","","","",
"United Kingdom","GBR","Informal employment (% of total non-agricultural employment)","SL.ISV.IFRM.ZS","","","","","","","","","","","","","","","","","","","","","","","","","","","","","","","","","","","","","","","","","","","","","","","","","","","","","","","","","","","","",
"Georgia","GEO","Informal employment (% of total non-agricultural employment)","SL.ISV.IFRM.ZS","","","","","","","","","","","","","","","","","","","","","","","","","","","","","","","","","","","","","","","","","","","","","","","","","","","","","","","","","","","","",
"Ghana","GHA","Informal employment (% of total non-agricultural employment)","SL.ISV.IFRM.ZS","","","","","","","","","","","","","","","","","","","","","","","","","","","","","","","","","","","","","","","","","","","","","","","87.1100006103516","","","","","","","85.9499969482422","","83.1800003051758","","","","",
"Gibraltar","GIB","Informal employment (% of total non-agricultural employment)","SL.ISV.IFRM.ZS","","","","","","","","","","","","","","","","","","","","","","","","","","","","","","","","","","","","","","","","","","","","","","","","","","","","","","","","","","","","",
"Guinea","GIN","Informal employment (% of total non-agricultural employment)","SL.ISV.IFRM.ZS","","","","","","","","","","","","","","","","","","","","","","","","","","","","","","","","","","","","","","","","","","","","","","","","","","","","","","","","","","","","",
"Gambia, The","GMB","Informal employment (% of total non-agricultural employment)","SL.ISV.IFRM.ZS","","","","","","","","","","","","","","","","","","","","","","","","","","","","","","","","","","","","","","","","","","","","","","","","","","","","","68.1900024414063","","","","","","","",
"Guinea-Bissau","GNB","Informal employment (% of total non-agricultural employment)","SL.ISV.IFRM.ZS","","","","","","","","","","","","","","","","","","","","","","","","","","","","","","","","","","","","","","","","","","","","","","","","","","","","","","","","","","","","",
"Equatorial Guinea","GNQ","Informal employment (% of total non-agricultural employment)","SL.ISV.IFRM.ZS","","","","","","","","","","","","","","","","","","","","","","","","","","","","","","","","","","","","","","","","","","","","","","","","","","","","","","","","","","","","",
"Greece","GRC","Informal employment (% of total non-agricultural employment)","SL.ISV.IFRM.ZS","","","","","","","","","","","","","","","","","","","","","","","","","","","","","","","","","","","","","","","","","","","","","","","","","","","","","","","","","","","","",
"Grenada","GRD","Informal employment (% of total non-agricultural employment)","SL.ISV.IFRM.ZS","","","","","","","","","","","","","","","","","","","","","","","","","","","","","","","","","","","","","","","","","","","","","","","","","","","","","","","","","","","","",
"Greenland","GRL","Informal employment (% of total non-agricultural employment)","SL.ISV.IFRM.ZS","","","","","","","","","","","","","","","","","","","","","","","","","","","","","","","","","","","","","","","","","","","","","","","","","","","","","","","","","","","","",
"Guatemala","GTM","Informal employment (% of total non-agricultural employment)","SL.ISV.IFRM.ZS","","","","","","","","","","","","","","","","","","","","","","","","","","","","","","","","","","","","","","","","","","","","74.7799987792969","73.25","","74.0699996948242","","","","74.0500030517578","73.3600006103516","75.9199981689453","73.4000015258789","69.870002746582","71.6100006103516","72.3899993896484","72.7799987792969","","",
"Guam","GUM","Informal employment (% of total non-agricultural employment)","SL.ISV.IFRM.ZS","","","","","","","","","","","","","","","","","","","","","","","","","","","","","","","","","","","","","","","","","","","","","","","","","","","","","","","","","","","","",
"Guyana","GUY","Informal employment (% of total non-agricultural employment)","SL.ISV.IFRM.ZS","","","","","","","","","","","","","","","","","","","","","","","","","","","","","","","","","","","","","","","","","","","","","","","","","","","","","","","","","","53.6599998474121","","",
"High income","HIC","Informal employment (% of total non-agricultural employment)","SL.ISV.IFRM.ZS","","","","","","","","","","","","","","","","","","","","","","","","","","","","","","","","","","","","","","","","","","","","","","","","","","","","","","","","","","","","",
"Hong Kong SAR, China","HKG","Informal employment (% of total non-agricultural employment)","SL.ISV.IFRM.ZS","","","","","","","","","","","","","","","","","","","","","","","","","","","","","","","","","","","","","","","","","","","","","","","","","","","","","","","","","","","","",
"Honduras","HND","Informal employment (% of total non-agricultural employment)","SL.ISV.IFRM.ZS","","","","","","","","","","","","","","","","","","","","","","","","","","","","","","","","","","","","","","","","","","","","","","","63.5099983215332","61.8800010681152","70.0299987792969","69.0899963378906","71.3199996948242","73.1399993896484","75.2200012207031","75.3199996948242","88.75","85.6699981689453","87.4599990844727","75.5599975585938","","",
"Heavily indebted poor countries (HIPC)","HPC","Informal employment (% of total non-agricultural employment)","SL.ISV.IFRM.ZS","","","","","","","","","","","","","","","","","","","","","","","","","","","","","","","","","","","","","","","","","","","","","","","","","","","","","","","","","","","","",
"Croatia","HRV","Informal employment (% of total non-agricultural employment)","SL.ISV.IFRM.ZS","","","","","","","","","","","","","","","","","","","","","","","","","","","","","","","","","","","","","","","","","","","","","","","","","","","","","","","","","","","","",
"Haiti","HTI","Informal employment (% of total non-agricultural employment)","SL.ISV.IFRM.ZS","","","","","","","","","","","","","","","","","","","","","","","","","","","","","","","","","","","","","","","","","","","","","","","","","","","","","88.120002746582","","","","","","","",
"Hungary","HUN","Informal employment (% of total non-agricultural employment)","SL.ISV.IFRM.ZS","","","","","","","","","","","","","","","","","","","","","","","","","","","","","","","","","","","","","","","","","","","","","","","","","","","","","","","","","","","","",
"IBRD only","IBD","Informal employment (% of total non-agricultural employment)","SL.ISV.IFRM.ZS","","","","","","","","","","","","","","","","","","","","","","","","","","","","","","","","","","","","","","","","","","","","","","","","","","","","","","","","","","","","",
"IDA & IBRD total","IBT","Informal employment (% of total non-agricultural employment)","SL.ISV.IFRM.ZS","","","","","","","","","","","","","","","","","","","","","","","","","","","","","","","","","","","","","","","","","","","","","","","","","","","","","","","","","","","","",
"IDA total","IDA","Informal employment (% of total non-agricultural employment)","SL.ISV.IFRM.ZS","","","","","","","","","","","","","","","","","","","","","","","","","","","","","","","","","","","","","","","","","","","","","","","","","","","","","","","","","","","","",
"IDA blend","IDB","Informal employment (% of total non-agricultural employment)","SL.ISV.IFRM.ZS","","","","","","","","","","","","","","","","","","","","","","","","","","","","","","","","","","","","","","","","","","","","","","","","","","","","","","","","","","","","",
"Indonesia","IDN","Informal employment (% of total non-agricultural employment)","SL.ISV.IFRM.ZS","","","","","","","","","","","","","","","","","","","","","","","","","","","","","","","","","","","","","","","","","","","","","","","","","","","","","","","","","78.4599990844727","78.5299987792969","76.4700012207031","",
"IDA only","IDX","Informal employment (% of total non-agricultural employment)","SL.ISV.IFRM.ZS","","","","","","","","","","","","","","","","","","","","","","","","","","","","","","","","","","","","","","","","","","","","","","","","","","","","","","","","","","","","",
"Isle of Man","IMN","Informal employment (% of total non-agricultural employment)","SL.ISV.IFRM.ZS","","","","","","","","","","","","","","","","","","","","","","","","","","","","","","","","","","","","","","","","","","","","","","","","","","","","","","","","","","","","",
"India","IND","Informal employment (% of total non-agricultural employment)","SL.ISV.IFRM.ZS","","","","","","","","","","","","","","","","","","","","","","","","","","","","","","","","","","","","","","","","","","","","","","","","","","","75.3000030517578","","74.8199996948242","","","","","","80.2799987792969","",
"Not classified","INX","Informal employment (% of total non-agricultural employment)","SL.ISV.IFRM.ZS","","","","","","","","","","","","","","","","","","","","","","","","","","","","","","","","","","","","","","","","","","","","","","","","","","","","","","","","","","","","",
"Ireland","IRL","Informal employment (% of total non-agricultural employment)","SL.ISV.IFRM.ZS","","","","","","","","","","","","","","","","","","","","","","","","","","","","","","","","","","","","","","","","","","","","","","","","","","","","","","","","","","","","",
"Iran, Islamic Rep.","IRN","Informal employment (% of total non-agricultural employment)","SL.ISV.IFRM.ZS","","","","","","","","","","","","","","","","","","","","","","","","","","","","","","","","","","","","","","","","","","","","","","","","","","","","","","","","","","","","",
"Iraq","IRQ","Informal employment (% of total non-agricultural employment)","SL.ISV.IFRM.ZS","","","","","","","","","","","","","","","","","","","","","","","","","","","","","","","","","","","","","","","","","","","","","","","","","","","","","","","","","","","","",
"Iceland","ISL","Informal employment (% of total non-agricultural employment)","SL.ISV.IFRM.ZS","","","","","","","","","","","","","","","","","","","","","","","","","","","","","","","","","","","","","","","","","","","","","","","","","","","","","","","","","","","","",
"Israel","ISR","Informal employment (% of total non-agricultural employment)","SL.ISV.IFRM.ZS","","","","","","","","","","","","","","","","","","","","","","","","","","","","","","","","","","","","","","","","","","","","","","","","","","","","","","","","","","","","",
"Italy","ITA","Informal employment (% of total non-agricultural employment)","SL.ISV.IFRM.ZS","","","","","","","","","","","","","","","","","","","","","","","","","","","","","","","","","","","","","","","","","","","","","","","","","","","","","","","","","","","","",
"Jamaica","JAM","Informal employment (% of total non-agricultural employment)","SL.ISV.IFRM.ZS","","","","","","","","","","","","","","","","","","","","","","","","","","","","","","","","","","","","","","","","","","","","","","","","","","","","","","","","","","","","",
"Jordan","JOR","Informal employment (% of total non-agricultural employment)","SL.ISV.IFRM.ZS","","","","","","","","","","","","","","","","","","","","","","","","","","","","","","","","","","","","","","","","","","","","","","","","","","","","","","","","","","","","",
"Japan","JPN","Informal employment (% of total non-agricultural employment)","SL.ISV.IFRM.ZS","","","","","","","","","","","","","","","","","","","","","","","","","","","","","","","","","","","","","","","","","","","","","","","","","","","","","","","","","","","","",
"Kazakhstan","KAZ","Informal employment (% of total non-agricultural employment)","SL.ISV.IFRM.ZS","","","","","","","","","","","","","","","","","","","","","","","","","","","","","","","","","","","","","","","","","","","","","","","","","","","","","","","","","","","","",
"Kenya","KEN","Informal employment (% of total non-agricultural employment)","SL.ISV.IFRM.ZS","","","","","","","","","","","","","","","","","","","","","","","","","","","","","","","","","","","","","","","","","","","","","","","","","","","","","","","","","","","","",
"Kyrgyz Republic","KGZ","Informal employment (% of total non-agricultural employment)","SL.ISV.IFRM.ZS","","","","","","","","","","","","","","","","","","","","","","","","","","","","","","","","","","","","","","","","","","","","","","","","","","","","","","60.7000007629395","","","","","","",
"Cambodia","KHM","Informal employment (% of total non-agricultural employment)","SL.ISV.IFRM.ZS","","","","","","","","","","","","","","","","","","","","","","","","","","","","","","","","","","","","","","","","","","","","","","","","","","","","","90.5599975585938","","","","","","","",
"Kiribati","KIR","Informal employment (% of total non-agricultural employment)","SL.ISV.IFRM.ZS","","","","","","","","","","","","","","","","","","","","","","","","","","","","","","","","","","","","","","","","","","","","","","","","","","","","","","","","","","","","",
"St. Kitts and Nevis","KNA","Informal employment (% of total non-agricultural employment)","SL.ISV.IFRM.ZS","","","","","","","","","","","","","","","","","","","","","","","","","","","","","","","","","","","","","","","","","","","","","","","","","","","","","","","","","","","","",
"Korea, Rep.","KOR","Informal employment (% of total non-agricultural employment)","SL.ISV.IFRM.ZS","","","","","","","","","","","","","","","","","","","","","","","","","","","","","","","","","","","","","","","","","","","","","","","","","","","","","","","","","","","","",
"Kuwait","KWT","Informal employment (% of total non-agricultural employment)","SL.ISV.IFRM.ZS","","","","","","","","","","","","","","","","","","","","","","","","","","","","","","","","","","","","","","","","","","","","","","","","","","","","","","","","","","","","",
"Latin America & Caribbean (excluding high income)","LAC","Informal employment (% of total non-agricultural employment)","SL.ISV.IFRM.ZS","","","","","","","","","","","","","","","","","","","","","","","","","","","","","","","","","","","","","","","","","","","","","","","","","","","","","","","","","","","","",
"Lao PDR","LAO","Informal employment (% of total non-agricultural employment)","SL.ISV.IFRM.ZS","","","","","","","","","","","","","","","","","","","","","","","","","","","","","","","","","","","","","","","","","","","","","","","","","","","","","","","","","","75.5","","",
"Lebanon","LBN","Informal employment (% of total non-agricultural employment)","SL.ISV.IFRM.ZS","","","","","","","","","","","","","","","","","","","","","","","","","","","","","","","","","","","","","","","","","","","","","","","","","","","","","","","","","","","","",
"Liberia","LBR","Informal employment (% of total non-agricultural employment)","SL.ISV.IFRM.ZS","","","","","","","","","","","","","","","","","","","","","","","","","","","","","","","","","","","","","","","","","","","","","","","","","","","77.5800018310547","","89.3300018310547","","90.1500015258789","","","","","",
"Libya","LBY","Informal employment (% of total non-agricultural employment)","SL.ISV.IFRM.ZS","","","","","","","","","","","","","","","","","","","","","","","","","","","","","","","","","","","","","","","","","","","","","","","","","","","","","","","","","","","","",
"St. Lucia","LCA","Informal employment (% of total non-agricultural employment)","SL.ISV.IFRM.ZS","","","","","","","","","","","","","","","","","","","","","","","","","","","","","","","","","","","","","","","","","","","","","","","","","","","","","","","","","","","","",
"Latin America & Caribbean","LCN","Informal employment (% of total non-agricultural employment)","SL.ISV.IFRM.ZS","","","","","","","","","","","","","","","","","","","","","","","","","","","","","","","","","","","","","","","","","","","","","","","","","","","","","","","","","","","","",
"Least developed countries: UN classification","LDC","Informal employment (% of total non-agricultural employment)","SL.ISV.IFRM.ZS","","","","","","","","","","","","","","","","","","","","","","","","","","","","","","","","","","","","","","","","","","","","","","","","","","","","","","","","","","","","",
"Low income","LIC","Informal employment (% of total non-agricultural employment)","SL.ISV.IFRM.ZS","","","","","","","","","","","","","","","","","","","","","","","","","","","","","","","","","","","","","","","","","","","","","","","","","","","","","","","","","","","","",
"Liechtenstein","LIE","Informal employment (% of total non-agricultural employment)","SL.ISV.IFRM.ZS","","","","","","","","","","","","","","","","","","","","","","","","","","","","","","","","","","","","","","","","","","","","","","","","","","","","","","","","","","","","",
"Sri Lanka","LKA","Informal employment (% of total non-agricultural employment)","SL.ISV.IFRM.ZS","","","","","","","","","","","","","","","","","","","","","","","","","","","","","","","","","","","","","","","","","","","","","","","","","","","63.4799995422363","63.6500015258789","","66.6699981689453","65.4899978637695","65.4000015258789","65.9300003051758","","","",
"Lower middle income","LMC","Informal employment (% of total non-agricultural employment)","SL.ISV.IFRM.ZS","","","","","","","","","","","","","","","","","","","","","","","","","","","","","","","","","","","","","","","","","","","","","","","","","","","","","","","","","","","","",
"Low & middle income","LMY","Informal employment (% of total non-agricultural employment)","SL.ISV.IFRM.ZS","","","","","","","","","","","","","","","","","","","","","","","","","","","","","","","","","","","","","","","","","","","","","","","","","","","","","","","","","","","","",
"Lesotho","LSO","Informal employment (% of total non-agricultural employment)","SL.ISV.IFRM.ZS","","","","","","","","","","","","","","","","","","","","","","","","","","","","","","","","","","","","","","","","","","","","","","","","","","","","","","","","","","","","",
"Late-demographic dividend","LTE","Informal employment (% of total non-agricultural employment)","SL.ISV.IFRM.ZS","","","","","","","","","","","","","","","","","","","","","","","","","","","","","","","","","","","","","","","","","","","","","","","","","","","","","","","","","","","","",
"Lithuania","LTU","Informal employment (% of total non-agricultural employment)","SL.ISV.IFRM.ZS","","","","","","","","","","","","","","","","","","","","","","","","","","","","","","","","","","","","","","","","","","","","","","","","","","","","","","","","","","","","",
"Luxembourg","LUX","Informal employment (% of total non-agricultural employment)","SL.ISV.IFRM.ZS","","","","","","","","","","","","","","","","","","","","","","","","","","","","","","","","","","","","","","","","","","","","","","","","","","","","","","","","","","","","",
"Latvia","LVA","Informal employment (% of total non-agricultural employment)","SL.ISV.IFRM.ZS","","","","","","","","","","","","","","","","","","","","","","","","","","","","","","","","","","","","","","","","","","","","","","","","","","","","","","","","","","","","",
"Macao SAR, China","MAC","Informal employment (% of total non-agricultural employment)","SL.ISV.IFRM.ZS","","","","","","","","","","","","","","","","","","","","","","","","","","","","","","","","","","","","","","","","","","","","","","","","","","","","","","","","","","","","",
"St. Martin (French part)","MAF","Informal employment (% of total non-agricultural employment)","SL.ISV.IFRM.ZS","","","","","","","","","","","","","","","","","","","","","","","","","","","","","","","","","","","","","","","","","","","","","","","","","","","","","","","","","","","","",
"Morocco","MAR","Informal employment (% of total non-agricultural employment)","SL.ISV.IFRM.ZS","","","","","","","","","","","","","","","","","","","","","","","","","","","","","","","","","","","","","","","","","","","","","","","","","","","","","","","","","","","","",
"Monaco","MCO","Informal employment (% of total non-agricultural employment)","SL.ISV.IFRM.ZS","","","","","","","","","","","","","","","","","","","","","","","","","","","","","","","","","","","","","","","","","","","","","","","","","","","","","","","","","","","","",
"Moldova","MDA","Informal employment (% of total non-agricultural employment)","SL.ISV.IFRM.ZS","","","","","","","","","","","","","","","","","","","","","","","","","","","","","","","","","","","","","","","","","","","","","","","","","","","","","","","","","","","","",
"Madagascar","MDG","Informal employment (% of total non-agricultural employment)","SL.ISV.IFRM.ZS","","","","","","","","","","","","","","","","","","","","","","","","","","","","","","","","","","","","","","","","","","","","","","","","","","","","","","","","83.8600006103516","","","","",
"Maldives","MDV","Informal employment (% of total non-agricultural employment)","SL.ISV.IFRM.ZS","","","","","","","","","","","","","","","","","","","","","","","","","","","","","","","","","","","","","","","","","","","","","","","","","","","","","","","","","47.0299987792969","","","",
"Middle East & North Africa","MEA","Informal employment (% of total non-agricultural employment)","SL.ISV.IFRM.ZS","","","","","","","","","","","","","","","","","","","","","","","","","","","","","","","","","","","","","","","","","","","","","","","","","","","","","","","","","","","","",
"Mexico","MEX","Informal employment (% of total non-agricultural employment)","SL.ISV.IFRM.ZS","","","","","","","","","","","","","","","","","","","","","","","","","","","","","","","","","","","","","","","","","","","60.0299987792969","60.5400009155273","60.6599998474121","","","","","","","","","","","","","","","",
"Marshall Islands","MHL","Informal employment (% of total non-agricultural employment)","SL.ISV.IFRM.ZS","","","","","","","","","","","","","","","","","","","","","","","","","","","","","","","","","","","","","","","","","","","","","","","","","","","","","","","","","","","","",
"Middle income","MIC","Informal employment (% of total non-agricultural employment)","SL.ISV.IFRM.ZS","","","","","","","","","","","","","","","","","","","","","","","","","","","","","","","","","","","","","","","","","","","","","","","","","","","","","","","","","","","","",
"North Macedonia","MKD","Informal employment (% of total non-agricultural employment)","SL.ISV.IFRM.ZS","","","","","","","","","","","","","","","","","","","","","","","","","","","","","","","","","","","","","","","","","","","","","","","","","","","","","19.8899993896484","","40.7700004577637","","","","","",
"Mali","MLI","Informal employment (% of total non-agricultural employment)","SL.ISV.IFRM.ZS","","","","","","","","","","","","","","","","","","","","","","","","","","","","","","","","","","","","","","","","","","","","","","","","","","","","","","","89.9000015258789","91.2399978637695","90.4899978637695","","","",
"Malta","MLT","Informal employment (% of total non-agricultural employment)","SL.ISV.IFRM.ZS","","","","","","","","","","","","","","","","","","","","","","","","","","","","","","","","","","","","","","","","","","","","","","","","","","","","","","","","","","","","",
"Myanmar","MMR","Informal employment (% of total non-agricultural employment)","SL.ISV.IFRM.ZS","","","","","","","","","","","","","","","","","","","","","","","","","","","","","","","","","","","","","","","","","","","","","","","","","","","","","","","","80.7300033569336","","77.7399978637695","78.9499969482422","",
"Middle East & North Africa (excluding high income)","MNA","Informal employment (% of total non-agricultural employment)","SL.ISV.IFRM.ZS","","","","","","","","","","","","","","","","","","","","","","","","","","","","","","","","","","","","","","","","","","","","","","","","","","","","","","","","","","","","",
"Montenegro","MNE","Informal employment (% of total non-agricultural employment)","SL.ISV.IFRM.ZS","","","","","","","","","","","","","","","","","","","","","","","","","","","","","","","","","","","","","","","","","","","","","","","","","","","","","","","","","","","","",
"Mongolia","MNG","Informal employment (% of total non-agricultural employment)","SL.ISV.IFRM.ZS","","","","","","","","","","","","","","","","","","","","","","","","","","","","","","","","","","","","","","","","","","","","","","","","","27.2299995422363","25.2800006866455","29.3799991607666","35.689998626709","36.9599990844727","38.2900009155273","31.2199993133545","30.9500007629395","30.0799999237061","32.4900016784668","","",
"Northern Mariana Islands","MNP","Informal employment (% of total non-agricultural employment)","SL.ISV.IFRM.ZS","","","","","","","","","","","","","","","","","","","","","","","","","","","","","","","","","","","","","","","","","","","","","","","","","","","","","","","","","","","","",
"Mozambique","MOZ","Informal employment (% of total non-agricultural employment)","SL.ISV.IFRM.ZS","","","","","","","","","","","","","","","","","","","","","","","","","","","","","","","","","","","","","","","","","","","","","","","","","","","","","","","","86.7099990844727","","","","",
"Mauritania","MRT","Informal employment (% of total non-agricultural employment)","SL.ISV.IFRM.ZS","","","","","","","","","","","","","","","","","","","","","","","","","","","","","","","","","","","","","","","","","","","","","","","","","","","","","","","","","","","","",
"Mauritius","MUS","Informal employment (% of total non-agricultural employment)","SL.ISV.IFRM.ZS","","","","","","","","","","","","","","","","","","","","","","","","","","","","","","","","","","","","","","","","","","","","","","","","","","","","","49.7400016784668","51.5200004577637","54.7200012207031","53.3300018310547","52.8699989318848","52.1699981689453","","",
"Malawi","MWI","Informal employment (% of total non-agricultural employment)","SL.ISV.IFRM.ZS","","","","","","","","","","","","","","","","","","","","","","","","","","","","","","","","","","","","","","","","","","","","","","","","","","","","","95.4899978637695","","","","","","","",
"Malaysia","MYS","Informal employment (% of total non-agricultural employment)","SL.ISV.IFRM.ZS","","","","","","","","","","","","","","","","","","","","","","","","","","","","","","","","","","","","","","","","","","","","","","","","","","","","","","","","","","","","",
"North America","NAC","Informal employment (% of total non-agricultural employment)","SL.ISV.IFRM.ZS","","","","","","","","","","","","","","","","","","","","","","","","","","","","","","","","","","","","","","","","","","","","","","","","","","","","","","","","","","","","",
"Namibia","NAM","Informal employment (% of total non-agricultural employment)","SL.ISV.IFRM.ZS","","","","","","","","","","","","","","","","","","","","","","","","","","","","","","","","","","","","","","","","","","","","","","","","","","","","","41.5099983215332","46.2599983215332","43.9799995422363","","61.0699996948242","","46.9700012207031","",
"New Caledonia","NCL","Informal employment (% of total non-agricultural employment)","SL.ISV.IFRM.ZS","","","","","","","","","","","","","","","","","","","","","","","","","","","","","","","","","","","","","","","","","","","","","","","","","","","","","","","","","","","","",
"Niger","NER","Informal employment (% of total non-agricultural employment)","SL.ISV.IFRM.ZS","","","","","","","","","","","","","","","","","","","","","","","","","","","","","","","","","","","","","","","","","","","","","","","","","","","","86.3499984741211","","","","","","","","",
"Nigeria","NGA","Informal employment (% of total non-agricultural employment)","SL.ISV.IFRM.ZS","","","","","","","","","","","","","","","","","","","","","","","","","","","","","","","","","","","","","","","","","","","","","","","","","","","","","","","","","","","","",
"Nicaragua","NIC","Informal employment (% of total non-agricultural employment)","SL.ISV.IFRM.ZS","","","","","","","","","","","","","","","","","","","","","","","","","","","","","","","","","","","","","","","","","","","","","","","","","","","","","74.9100036621094","","","","","","","",
"Netherlands","NLD","Informal employment (% of total non-agricultural employment)","SL.ISV.IFRM.ZS","","","","","","","","","","","","","","","","","","","","","","","","","","","","","","","","","","","","","","","","","","","","","","","","","","","","","","","","","","","","",
"Norway","NOR","Informal employment (% of total non-agricultural employment)","SL.ISV.IFRM.ZS","","","","","","","","","","","","","","","","","","","","","","","","","","","","","","","","","","","","","","","","","","","","","","","","","","","","","","","","","","","","",
"Nepal","NPL","Informal employment (% of total non-agricultural employment)","SL.ISV.IFRM.ZS","","","","","","","","","","","","","","","","","","","","","","","","","","","","","","","","","","","","","","","","","","","","","","","","","98.8899993896484","","","","","","","","","77.620002746582","","",
"Nauru","NRU","Informal employment (% of total non-agricultural employment)","SL.ISV.IFRM.ZS","","","","","","","","","","","","","","","","","","","","","","","","","","","","","","","","","","","","","","","","","","","","","","","","","","","","","","","","","","","","",
"New Zealand","NZL","Informal employment (% of total non-agricultural employment)","SL.ISV.IFRM.ZS","","","","","","","","","","","","","","","","","","","","","","","","","","","","","","","","","","","","","","","","","","","","","","","","","","","","","","","","","","","","",
"OECD members","OED","Informal employment (% of total non-agricultural employment)","SL.ISV.IFRM.ZS","","","","","","","","","","","","","","","","","","","","","","","","","","","","","","","","","","","","","","","","","","","","","","","","","","","","","","","","","","","","",
"Oman","OMN","Informal employment (% of total non-agricultural employment)","SL.ISV.IFRM.ZS","","","","","","","","","","","","","","","","","","","","","","","","","","","","","","","","","","","","","","","","","","","","","","","","","","","","","","","","","","","","",
"Other small states","OSS","Informal employment (% of total non-agricultural employment)","SL.ISV.IFRM.ZS","","","","","","","","","","","","","","","","","","","","","","","","","","","","","","","","","","","","","","","","","","","","","","","","","","","","","","","","","","","","",
"Pakistan","PAK","Informal employment (% of total non-agricultural employment)","SL.ISV.IFRM.ZS","","","","","","","","","","","","","","","","","","","","","","","","","","","","","","","","","","","","","","","","","","","","","","","","","","67.0899963378906","67.5699996948242","69.2300033569336","","68.9700012207031","71.9899978637695","71.2300033569336","","","71.2300033569336","",
"Panama","PAN","Informal employment (% of total non-agricultural employment)","SL.ISV.IFRM.ZS","","","","","","","","","","","","","","","","","","","","","","","","","","","","","","","","","","","","","","","","","","","","","","","","","","","","38.8800010681152","38.9700012207031","39.9300003051758","40.8800010681152","41.2200012207031","41.2099990844727","42.7000007629395","45.2599983215332","",
"Peru","PER","Informal employment (% of total non-agricultural employment)","SL.ISV.IFRM.ZS","","","","","","","","","","","","","","","","","","","","","","","","","","","","","","","","","","","","","","","","","","","","","87.0500030517578","76.9300003051758","74.6699981689453","71.8099975585938","71.7699966430664","69.8499984741211","69.9300003051758","68.4599990844727","62.0499992370605","61.1199989318848","59.6300010681152","60.1100006103516","58.3800010681152","59.0099983215332","","",
"Philippines","PHL","Informal employment (% of total non-agricultural employment)","SL.ISV.IFRM.ZS","","","","","","","","","","","","","","","","","","","","","","","","","","","","","","","","","","","","","","","","","","","","","","","","","","","","","","","","","","","","",
"Palau","PLW","Informal employment (% of total non-agricultural employment)","SL.ISV.IFRM.ZS","","","","","","","","","","","","","","","","","","","","","","","","","","","","","","","","","","","","","","","","","","","","","","","","","","","","","","","","","","","","",
"Papua New Guinea","PNG","Informal employment (% of total non-agricultural employment)","SL.ISV.IFRM.ZS","","","","","","","","","","","","","","","","","","","","","","","","","","","","","","","","","","","","","","","","","","","","","","","","","","","","","","","","","","","","",
"Poland","POL","Informal employment (% of total non-agricultural employment)","SL.ISV.IFRM.ZS","","","","","","","","","","","","","","","","","","","","","","","","","","","","","","","","","","","","","","","","","","","","","","","","","","","","","","","","","","","","",
"Pre-demographic dividend","PRE","Informal employment (% of total non-agricultural employment)","SL.ISV.IFRM.ZS","","","","","","","","","","","","","","","","","","","","","","","","","","","","","","","","","","","","","","","","","","","","","","","","","","","","","","","","","","","","",
"Puerto Rico","PRI","Informal employment (% of total non-agricultural employment)","SL.ISV.IFRM.ZS","","","","","","","","","","","","","","","","","","","","","","","","","","","","","","","","","","","","","","","","","","","","","","","","","","","","","","","","","","","","",
"Korea, Dem. People’s Rep.","PRK","Informal employment (% of total non-agricultural employment)","SL.ISV.IFRM.ZS","","","","","","","","","","","","","","","","","","","","","","","","","","","","","","","","","","","","","","","","","","","","","","","","","","","","","","","","","","","","",
"Portugal","PRT","Informal employment (% of total non-agricultural employment)","SL.ISV.IFRM.ZS","","","","","","","","","","","","","","","","","","","","","","","","","","","","","","","","","","","","","","","","","","","","","","","","","","","","","","","","","","","","",
"Paraguay","PRY","Informal employment (% of total non-agricultural employment)","SL.ISV.IFRM.ZS","","","","","","","","","","","","","","","","","","","","","","","","","","","","","","","","","","","","","","","","","","","","","","","","","71.1600036621094","70.0199966430664","69.7799987792969","65.6500015258789","66","63.9000015258789","63.5","64.5599975585938","65.8099975585938","65.4199981689453","64.4599990844727","",
"West Bank and Gaza","PSE","Informal employment (% of total non-agricultural employment)","SL.ISV.IFRM.ZS","","","","","","","","","","","","","","","","","","","","","","","","","","","","","","","","","","","","","","","","","","","","","","","","","","","51.3800010681152","51.5","50.7400016784668","51.9199981689453","50.6300010681152","52.0299987792969","51.1399993896484","51.9300003051758","50.7599983215332","",
"Pacific island small states","PSS","Informal employment (% of total non-agricultural employment)","SL.ISV.IFRM.ZS","","","","","","","","","","","","","","","","","","","","","","","","","","","","","","","","","","","","","","","","","","","","","","","","","","","","","","","","","","","","",
"Post-demographic dividend","PST","Informal employment (% of total non-agricultural employment)","SL.ISV.IFRM.ZS","","","","","","","","","","","","","","","","","","","","","","","","","","","","","","","","","","","","","","","","","","","","","","","","","","","","","","","","","","","","",
"French Polynesia","PYF","Informal employment (% of total non-agricultural employment)","SL.ISV.IFRM.ZS","","","","","","","","","","","","","","","","","","","","","","","","","","","","","","","","","","","","","","","","","","","","","","","","","","","","","","","","","","","","",
"Qatar","QAT","Informal employment (% of total non-agricultural employment)","SL.ISV.IFRM.ZS","","","","","","","","","","","","","","","","","","","","","","","","","","","","","","","","","","","","","","","","","","","","","","","","","","","","","","","","","","","","",
"Romania","ROU","Informal employment (% of total non-agricultural employment)","SL.ISV.IFRM.ZS","","","","","","","","","","","","","","","","","","","","","","","","","","","","","","","","","","","","","","","","","","","","","","","","","","","","","","","","","","","","",
"Russian Federation","RUS","Informal employment (% of total non-agricultural employment)","SL.ISV.IFRM.ZS","","","","","","","","","","","","","","","","","","","","","","","","","","","","","","","","","","","","","","","","","","","","","","","","","","","","","","","","","","","","",
"Rwanda","RWA","Informal employment (% of total non-agricultural employment)","SL.ISV.IFRM.ZS","","","","","","","","","","","","","","","","","","","","","","","","","","","","","","","","","","","","","","","","","","","","","","","","","","","","","","","","","","68.2099990844727","","",
"South Asia","SAS","Informal employment (% of total non-agricultural employment)","SL.ISV.IFRM.ZS","","","","","","","","","","","","","","","","","","","","","","","","","","","","","","","","","","","","","","","","","","","","","","","","","","","","","","","","","","","","",
"Saudi Arabia","SAU","Informal employment (% of total non-agricultural employment)","SL.ISV.IFRM.ZS","","","","","","","","","","","","","","","","","","","","","","","","","","","","","","","","","","","","","","","","","","","","","","","","","","","","","","","","","","","","",
"Sudan","SDN","Informal employment (% of total non-agricultural employment)","SL.ISV.IFRM.ZS","","","","","","","","","","","","","","","","","","","","","","","","","","","","","","","","","","","","","","","","","","","","","","","","","","","","77.3099975585938","","","","","","","","",
"Senegal","SEN","Informal employment (% of total non-agricultural employment)","SL.ISV.IFRM.ZS","","","","","","","","","","","","","","","","","","","","","","","","","","","","","","","","","","","","","","","","","","","","","","","","","","","","","","","","90.4400024414063","","","","",
"Singapore","SGP","Informal employment (% of total non-agricultural employment)","SL.ISV.IFRM.ZS","","","","","","","","","","","","","","","","","","","","","","","","","","","","","","","","","","","","","","","","","","","","","","","","","","","","","","","","","","","","",
"Solomon Islands","SLB","Informal employment (% of total non-agricultural employment)","SL.ISV.IFRM.ZS","","","","","","","","","","","","","","","","","","","","","","","","","","","","","","","","","","","","","","","","","","","","","","","","","","","","","","","","","","","","",
"Sierra Leone","SLE","Informal employment (% of total non-agricultural employment)","SL.ISV.IFRM.ZS","","","","","","","","","","","","","","","","","","","","","","","","","","","","","","","","","","","","","","","","","","","","","","","","","","","","","","","","","","","","",
"El Salvador","SLV","Informal employment (% of total non-agricultural employment)","SL.ISV.IFRM.ZS","","","","","","","","","","","","","","","","","","","","","","","","","","","","","","","","","","","","","","","","","","","","","","","","","","","65.8300018310547","65.6500015258789","66.0199966430664","65.1999969482422","62.8499984741211","62.9099998474121","63.1500015258789","64.2099990844727","62.8800010681152","",
"San Marino","SMR","Informal employment (% of total non-agricultural employment)","SL.ISV.IFRM.ZS","","","","","","","","","","","","","","","","","","","","","","","","","","","","","","","","","","","","","","","","","","","","","","","","","","","","","","","","","","","","",
"Somalia","SOM","Informal employment (% of total non-agricultural employment)","SL.ISV.IFRM.ZS","","","","","","","","","","","","","","","","","","","","","","","","","","","","","","","","","","","","","","","","","","","","","","","","","","","","","","","","","","","","",
"Serbia","SRB","Informal employment (% of total non-agricultural employment)","SL.ISV.IFRM.ZS","","","","","","","","","","","","","","","","","","","","","","","","","","","","","","","","","","","","","","","","","","","","","","","","","50.1100006103516","8.30000019073486","8.34000015258789","8.42000007629395","7.69999980926514","10.0299997329712","13.0500001907349","13.6099996566772","16.1800003051758","16.1100006103516","13.9700002670288","",
"Sub-Saharan Africa (excluding high income)","SSA","Informal employment (% of total non-agricultural employment)","SL.ISV.IFRM.ZS","","","","","","","","","","","","","","","","","","","","","","","","","","","","","","","","","","","","","","","","","","","","","","","","","","","","","","","","","","","","",
"South Sudan","SSD","Informal employment (% of total non-agricultural employment)","SL.ISV.IFRM.ZS","","","","","","","","","","","","","","","","","","","","","","","","","","","","","","","","","","","","","","","","","","","","","","","","","","","","","","","","","","","","",
"Sub-Saharan Africa","SSF","Informal employment (% of total non-agricultural employment)","SL.ISV.IFRM.ZS","","","","","","","","","","","","","","","","","","","","","","","","","","","","","","","","","","","","","","","","","","","","","","","","","","","","","","","","","","","","",
"Small states","SST","Informal employment (% of total non-agricultural employment)","SL.ISV.IFRM.ZS","","","","","","","","","","","","","","","","","","","","","","","","","","","","","","","","","","","","","","","","","","","","","","","","","","","","","","","","","","","","",
"Sao Tome and Principe","STP","Informal employment (% of total non-agricultural employment)","SL.ISV.IFRM.ZS","","","","","","","","","","","","","","","","","","","","","","","","","","","","","","","","","","","","","","","","","","","","","","","","","","","","","","","","","","","","",
"Suriname","SUR","Informal employment (% of total non-agricultural employment)","SL.ISV.IFRM.ZS","","","","","","","","","","","","","","","","","","","","","","","","","","","","","","","","","","","","","","","","","","","","","","","","","","","","","","","","","","","","",
"Slovak Republic","SVK","Informal employment (% of total non-agricultural employment)","SL.ISV.IFRM.ZS","","","","","","","","","","","","","","","","","","","","","","","","","","","","","","","","","","","","","","","","","","","","","","","","","","","","","","","","","","","","",
"Slovenia","SVN","Informal employment (% of total non-agricultural employment)","SL.ISV.IFRM.ZS","","","","","","","","","","","","","","","","","","","","","","","","","","","","","","","","","","","","","","","","","","","","","","","","","","","","","","","","","","","","",
"Sweden","SWE","Informal employment (% of total non-agricultural employment)","SL.ISV.IFRM.ZS","","","","","","","","","","","","","","","","","","","","","","","","","","","","","","","","","","","","","","","","","","","","","","","","","","","","","","","","","","","","",
"Eswatini","SWZ","Informal employment (% of total non-agricultural employment)","SL.ISV.IFRM.ZS","","","","","","","","","","","","","","","","","","","","","","","","","","","","","","","","","","","","","","","","","","","","","","","","","","","","","","","","","53.4000015258789","","","",
"Sint Maarten (Dutch part)","SXM","Informal employment (% of total non-agricultural employment)","SL.ISV.IFRM.ZS","","","","","","","","","","","","","","","","","","","","","","","","","","","","","","","","","","","","","","","","","","","","","","","","","","","","","","","","","","","","",
"Seychelles","SYC","Informal employment (% of total non-agricultural employment)","SL.ISV.IFRM.ZS","","","","","","","","","","","","","","","","","","","","","","","","","","","","","","","","","","","","","","","","","","","","","","","","","","","","","","","","","","","","",
"Syrian Arab Republic","SYR","Informal employment (% of total non-agricultural employment)","SL.ISV.IFRM.ZS","","","","","","","","","","","","","","","","","","","","","","","","","","","","","","","","","","","","","","","","","","","","","","","","","","","","","","","","","","","","",
"Turks and Caicos Islands","TCA","Informal employment (% of total non-agricultural employment)","SL.ISV.IFRM.ZS","","","","","","","","","","","","","","","","","","","","","","","","","","","","","","","","","","","","","","","","","","","","","","","","","","","","","","","","","","","","",
"Chad","TCD","Informal employment (% of total non-agricultural employment)","SL.ISV.IFRM.ZS","","","","","","","","","","","","","","","","","","","","","","","","","","","","","","","","","","","","","","","","","","","","","","","","","","","","","","","","","","","","",
"East Asia & Pacific (IDA & IBRD countries)","TEA","Informal employment (% of total non-agricultural employment)","SL.ISV.IFRM.ZS","","","","","","","","","","","","","","","","","","","","","","","","","","","","","","","","","","","","","","","","","","","","","","","","","","","","","","","","","","","","",
"Europe & Central Asia (IDA & IBRD countries)","TEC","Informal employment (% of total non-agricultural employment)","SL.ISV.IFRM.ZS","","","","","","","","","","","","","","","","","","","","","","","","","","","","","","","","","","","","","","","","","","","","","","","","","","","","","","","","","","","","",
"Togo","TGO","Informal employment (% of total non-agricultural employment)","SL.ISV.IFRM.ZS","","","","","","","","","","","","","","","","","","","","","","","","","","","","","","","","","","","","","","","","","","","","","","","","","","","","","","","91.8399963378906","","","","","",
"Thailand","THA","Informal employment (% of total non-agricultural employment)","SL.ISV.IFRM.ZS","","","","","","","","","","","","","","","","","","","","","","","","","","","","","","","","","","","","","","","","","","","","","","","","","","","","","","","48.7000007629395","48.5099983215332","62.1800003051758","53.1500015258789","51.4199981689453","",
"Tajikistan","TJK","Informal employment (% of total non-agricultural employment)","SL.ISV.IFRM.ZS","","","","","","","","","","","","","","","","","","","","","","","","","","","","","","","","","","","","","","","","","","","","","","","","","","","","","","","","","","","","",
"Turkmenistan","TKM","Informal employment (% of total non-agricultural employment)","SL.ISV.IFRM.ZS","","","","","","","","","","","","","","","","","","","","","","","","","","","","","","","","","","","","","","","","","","","","","","","","","","","","","","","","","","","","",
"Latin America & the Caribbean (IDA & IBRD countries)","TLA","Informal employment (% of total non-agricultural employment)","SL.ISV.IFRM.ZS","","","","","","","","","","","","","","","","","","","","","","","","","","","","","","","","","","","","","","","","","","","","","","","","","","","","","","","","","","","","",
"Timor-Leste","TLS","Informal employment (% of total non-agricultural employment)","SL.ISV.IFRM.ZS","","","","","","","","","","","","","","","","","","","","","","","","","","","","","","","","","","","","","","","","","","","","","","","","","","","62.3400001525879","","","53.7000007629395","","","","","","",
"Middle East & North Africa (IDA & IBRD countries)","TMN","Informal employment (% of total non-agricultural employment)","SL.ISV.IFRM.ZS","","","","","","","","","","","","","","","","","","","","","","","","","","","","","","","","","","","","","","","","","","","","","","","","","","","","","","","","","","","","",
"Tonga","TON","Informal employment (% of total non-agricultural employment)","SL.ISV.IFRM.ZS","","","","","","","","","","","","","","","","","","","","","","","","","","","","","","","","","","","","","","","","","","","","","","","","","","","","","","","","","","","","",
"South Asia (IDA & IBRD)","TSA","Informal employment (% of total non-agricultural employment)","SL.ISV.IFRM.ZS","","","","","","","","","","","","","","","","","","","","","","","","","","","","","","","","","","","","","","","","","","","","","","","","","","","","","","","","","","","","",
"Sub-Saharan Africa (IDA & IBRD countries)","TSS","Informal employment (% of total non-agricultural employment)","SL.ISV.IFRM.ZS","","","","","","","","","","","","","","","","","","","","","","","","","","","","","","","","","","","","","","","","","","","","","","","","","","","","","","","","","","","","",
"Trinidad and Tobago","TTO","Informal employment (% of total non-agricultural employment)","SL.ISV.IFRM.ZS","","","","","","","","","","","","","","","","","","","","","","","","","","","","","","","","","","","","","","","","","","","","","","","","","","","","","","","","","","","","",
"Tunisia","TUN","Informal employment (% of total non-agricultural employment)","SL.ISV.IFRM.ZS","","","","","","","","","","","","","","","","","","","","","","","","","","","","","","","","","","","","","","","","","","","","","","","","","","","","","","","","","","","","",
"Turkey","TUR","Informal employment (% of total non-agricultural employment)","SL.ISV.IFRM.ZS","","","","","","","","","","","","","","","","","","","","","","","","","","","","","","","","","","","","","","","","","","","","","","","","","","","","","","","","","","","","",
"Tuvalu","TUV","Informal employment (% of total non-agricultural employment)","SL.ISV.IFRM.ZS","","","","","","","","","","","","","","","","","","","","","","","","","","","","","","","","","","","","","","","","","","","","","","","","","","","","","","","","","","","","",
"Tanzania","TZA","Informal employment (% of total non-agricultural employment)","SL.ISV.IFRM.ZS","","","","","","","","","","","","","","","","","","","","","","","","","","","","","","","","","","","","","","","","","","","","","","","","","","","","","","","71.7900009155273","","","","","",
"Uganda","UGA","Informal employment (% of total non-agricultural employment)","SL.ISV.IFRM.ZS","","","","","","","","","","","","","","","","","","","","","","","","","","","","","","","","","","","","","","","","","","","","","","","","","","","","","83.2399978637695","","","","","","","",
"Ukraine","UKR","Informal employment (% of total non-agricultural employment)","SL.ISV.IFRM.ZS","","","","","","","","","","","","","","","","","","","","","","","","","","","","","","","","","","","","","","","","","","","","","","","","","","","","","","","","","","","","",
"Upper middle income","UMC","Informal employment (% of total non-agricultural employment)","SL.ISV.IFRM.ZS","","","","","","","","","","","","","","","","","","","","","","","","","","","","","","","","","","","","","","","","","","","","","","","","","","","","","","","","","","","","",
"Uruguay","URY","Informal employment (% of total non-agricultural employment)","SL.ISV.IFRM.ZS","","","","","","","","","","","","","","","","","","","","","","","","","","","","","","","","","","","","","","","","","","","","","","","42.4199981689453","42.0400009155273","40.7999992370605","39.8499984741211","38.9099998474121","35.7900009155273","34.1599998474121","33.2000007629395","22.9500007629395","23.4799995422363","24.0900001525879","23.6399993896484","23.4799995422363","",
"United States","USA","Informal employment (% of total non-agricultural employment)","SL.ISV.IFRM.ZS","","","","","","","","","","","","","","","","","","","","","","","","","","","","","","","","","","","","","","","","","","","","","","","","","","","","","","","","","","","","",
"Uzbekistan","UZB","Informal employment (% of total non-agricultural employment)","SL.ISV.IFRM.ZS","","","","","","","","","","","","","","","","","","","","","","","","","","","","","","","","","","","","","","","","","","","","","","","","","","","","","","","","","","","","",
"St. Vincent and the Grenadines","VCT","Informal employment (% of total non-agricultural employment)","SL.ISV.IFRM.ZS","","","","","","","","","","","","","","","","","","","","","","","","","","","","","","","","","","","","","","","","","","","","","","","","","","","","","","","","","","","","",
"Venezuela, RB","VEN","Informal employment (% of total non-agricultural employment)","SL.ISV.IFRM.ZS","","","","","","","","","","","","","","","","","","","","","","","","","","","","","","","","","","","","","","","","","","","","","","","","","","","","","","","","","","","","",
"British Virgin Islands","VGB","Informal employment (% of total non-agricultural employment)","SL.ISV.IFRM.ZS","","","","","","","","","","","","","","","","","","","","","","","","","","","","","","","","","","","","","","","","","","","","","","","","","","","","","","","","","","","","",
"Virgin Islands (U.S.)","VIR","Informal employment (% of total non-agricultural employment)","SL.ISV.IFRM.ZS","","","","","","","","","","","","","","","","","","","","","","","","","","","","","","","","","","","","","","","","","","","","","","","","","","","","","","","","","","","","",
"Vietnam","VNM","Informal employment (% of total non-agricultural employment)","SL.ISV.IFRM.ZS","","","","","","","","","","","","","","","","","","","","","","","","","","","","","","","","","","","","","","","","","","","","","","","","65.629997253418","","65.879997253418","","","","62.2000007629395","60.6399993896484","57.1300010681152","56.3400001525879","56.060001373291","","",
"Vanuatu","VUT","Informal employment (% of total non-agricultural employment)","SL.ISV.IFRM.ZS","","","","","","","","","","","","","","","","","","","","","","","","","","","","","","","","","","","","","","","","","","","","","","","","","","","","","","","","","","","","",
"World","WLD","Informal employment (% of total non-agricultural employment)","SL.ISV.IFRM.ZS","","","","","","","","","","","","","","","","","","","","","","","","","","","","","","","","","","","","","","","","","","","","","","","","","","","","","","","","","","","","",
"Samoa","WSM","Informal employment (% of total non-agricultural employment)","SL.ISV.IFRM.ZS","","","","","","","","","","","","","","","","","","","","","","","","","","","","","","","","","","","","","","","","","","","","","","","","","","","","","50.2200012207031","","","","","21.2600002288818","","",
"Kosovo","XKX","Informal employment (% of total non-agricultural employment)","SL.ISV.IFRM.ZS","","","","","","","","","","","","","","","","","","","","","","","","","","","","","","","","","","","","","","","","","","","","","","","","","","","","","","","","","","","","",
"Yemen, Rep.","YEM","Informal employment (% of total non-agricultural employment)","SL.ISV.IFRM.ZS","","","","","","","","","","","","","","","","","","","","","","","","","","","","","","","","","","","","","","","","","","","","","","","","","","","","","","","68.4100036621094","","","","","",
"South Africa","ZAF","Informal employment (% of total non-agricultural employment)","SL.ISV.IFRM.ZS","","","","","","","","","","","","","","","","","","","","","","","","","","","","","","","","","","","","","","","","","53.75","52.7799987792969","47.5499992370605","47.5299987792969","47.810001373291","50.9199981689453","52.1599998474121","51.9199981689453","35.1300010681152","33.439998626709","33.8699989318848","32.6800003051758","31.6800003051758","32.3600006103516","32.3199996948242","34.6199989318848","34.25","34.6100006103516","35.1500015258789","",
"Zambia","ZMB","Informal employment (% of total non-agricultural employment)","SL.ISV.IFRM.ZS","","","","","","","","","","","","","","","","","","","","","","","","","","","","","","","","","","","","","","","","","","","","","","","","","","","","","","","","","","65.379997253418","","",
"Zimbabwe","ZWE","Informal employment (% of total non-agricultural employment)","SL.ISV.IFRM.ZS","","","","","","","","","","","","","","","","","","","","","","","","","","","","","","","","","","","","","","","","","","","","","","","","","","","","62.5","","","","","","","","",
