"iso3c","variablename","year","value"
"AFG","ARMY",2017,1.779
"ALB","ARMY",2017,1.418
"DZA","ARMY",2017,1.484
"AGO","ARMY",2017,1.63
"ARG","ARMY",2017,1.258
"ARM","ARMY",2017,3.259
"AUS","ARMY",2017,1.363
"AUT","ARMY",2017,1.372
"AZE","ARMY",2017,2.032
"BHR","ARMY",2017,1.856
"BGD","ARMY",2017,1.147
"BLR","ARMY",2017,1.787
"BEL","ARMY",2017,1.401
"BEN","ARMY",2017,1.095
"BTN","ARMY",2017,1
"BOL","ARMY",2017,1.475
"BIH","ARMY",2017,1.439
"BWA","ARMY",2017,1.595
"BRA","ARMY",2017,1.247
"BGR","ARMY",2017,1.668
"BFA","ARMY",2017,1.09
"BDI","ARMY",2017,1.271
"KHM","ARMY",2017,2.191
"CMR","ARMY",2017,1.089
"CAN","ARMY",2017,1.264
"CAF","ARMY",2017,1.213
"TCD","ARMY",2017,1.315
"CHL","ARMY",2017,1.545
"CHN","ARMY",2017,1.243
"COL","ARMY",2017,1.916
"COG","ARMY",2017,1.321
"CRI","ARMY",2017,1
"CIV","ARMY",2017,1.163
"HRV","ARMY",2017,1.576
"CUB","ARMY",2017,1.654
"CYP","ARMY",2017,3.124
"CZE","ARMY",2017,1.317
"COD","ARMY",2017,1.255
"DNK","ARMY",2017,1.454
"DJI","ARMY",2017,2.69
"DOM","ARMY",2017,1.799
"ECU","ARMY",2017,1.368
"EGY","ARMY",2017,1.714
"SLV","ARMY",2017,1.617
"GNQ","ARMY",2017,1.175
"ERI","ARMY",2017,5
"EST","ARMY",2017,1.696
"ETH","ARMY",2017,1.206
"FIN","ARMY",2017,1.605
"FRA","ARMY",2017,1.477
"GAB","ARMY",2017,1.43
"GMB","ARMY",2017,1.074
"GEO","ARMY",2017,1.802
"DEU","ARMY",2017,1.327
"GHA","ARMY",2017,1.087
"GRC","ARMY",2017,2.991
"GTM","ARMY",2017,1.164
"GIN","ARMY",2017,1.117
"GNB","ARMY",2017,1.321
"GUY","ARMY",2017,1.592
"HTI","ARMY",2017,1
"HND","ARMY",2017,1.204
"HUN","ARMY",2017,1.418
"ISL","ARMY",2017,1
"IND","ARMY",2017,1.16
"IDN","ARMY",2017,1.233
"IRN","ARMY",2017,1.993
"IRQ","ARMY",2017,1.26
"IRL","ARMY",2017,1.29
"ISR","ARMY",2017,5
"ITA","ARMY",2017,1.445
"JAM","ARMY",2017,1.163
"JPN","ARMY",2017,1.297
"JOR","ARMY",2017,2.561
"KAZ","ARMY",2017,1.332
"KEN","ARMY",2017,1.077
"KSV","ARMY",2017,1
"KWT","ARMY",2017,1.562
"KGZ","ARMY",2017,1.278
"LAO","ARMY",2017,1.637
"LVA","ARMY",2017,1.388
"LBN","ARMY",2017,2.499
"LSO","ARMY",2017,1.141
"LBR","ARMY",2017,1.066
"LBY","ARMY",2017,1.167
"LTU","ARMY",2017,1.907
"MKD","ARMY",2017,1.584
"MDG","ARMY",2017,1.087
"MWI","ARMY",2017,1.043
"MYS","ARMY",2017,1.539
"MLI","ARMY",2017,1.072
"MRT","ARMY",2017,1.584
"MUS","ARMY",2017,1
"MEX","ARMY",2017,1.327
"MDA","ARMY",2017,1.216
"MNG","ARMY",2017,1.505
"MNE","ARMY",2017,1.486
"MAR","ARMY",2017,1.856
"MOZ","ARMY",2017,1.058
"MMR","ARMY",2017,2.136
"NAM","ARMY",2017,1.546
"NPL","ARMY",2017,1.511
"NLD","ARMY",2017,1.313
"NZL","ARMY",2017,1.292
"NIC","ARMY",2017,1.297
"NER","ARMY",2017,1.037
"NGA","ARMY",2017,1.096
"PRK","ARMY",2017,5
"NOR","ARMY",2017,1.739
"OMN","ARMY",2017,2.481
"PAK","ARMY",2017,1.516
"PSE","ARMY",2017,3.334
"PAN","ARMY",2017,1
"PNG","ARMY",2017,1.039
"PRY","ARMY",2017,1.248
"PER","ARMY",2017,1.391
"PHL","ARMY",2017,1.186
"POL","ARMY",2017,1.392
"PRT","ARMY",2017,1.435
"QAT","ARMY",2017,1.796
"ROU","ARMY",2017,1.557
"RUS","ARMY",2017,1.862
"RWA","ARMY",2017,1.422
"SAU","ARMY",2017,2.109
"SEN","ARMY",2017,1.137
"SRB","ARMY",2017,1.602
"SLE","ARMY",2017,1.208
"SGP","ARMY",2017,2.979
"SVK","ARMY",2017,1.448
"SVN","ARMY",2017,1.514
"SOM","ARMY",2017,1.282
"ZAF","ARMY",2017,1.185
"KOR","ARMY",2017,2.897
"SSD","ARMY",2017,3.209
"ESP","ARMY",2017,1.406
"LKA","ARMY",2017,2.416
"SDN","ARMY",2017,2.302
"SWZ","ARMY",2017,1.374
"SWE","ARMY",2017,1.457
"CHE","ARMY",2017,1.389
"SYR","ARMY",2017,2.196
"TWN","ARMY",2017,2.389
"TJK","ARMY",2017,1.158
"TZA","ARMY",2017,1.074
"THA","ARMY",2017,1.805
"TLS","ARMY",2017,1.125
"TGO","ARMY",2017,1.183
"TTO","ARMY",2017,1.446
"TUN","ARMY",2017,1.481
"TUR","ARMY",2017,1.678
"TKM","ARMY",2017,2.034
"UGA","ARMY",2017,1.17
"UKR","ARMY",2017,1.729
"ARE","ARMY",2017,2.033
"GBR","ARMY",2017,1.356
"USA","ARMY",2017,1.632
"URY","ARMY",2017,2.109
"UZB","ARMY",2017,1.23
"VEN","ARMY",2017,1.567
"VNM","ARMY",2017,1.776
"YEM","ARMY",2017,1.113
"ZMB","ARMY",2017,1.136
"ZWE","ARMY",2017,1.276
"AFG","ARMY",2016,1.767
"ALB","ARMY",2016,1.38
"DZA","ARMY",2016,1.495
"AGO","ARMY",2016,1.65
"ARG","ARMY",2016,1.261
"ARM","ARMY",2016,3.287
"AUS","ARMY",2016,1.363
"AUT","ARMY",2016,1.409
"AZE","ARMY",2016,2.044
"BHR","ARMY",2016,1.924
"BGD","ARMY",2016,1.148
"BLR","ARMY",2016,1.788
"BEL","ARMY",2016,1.417
"BEN","ARMY",2016,1.098
"BTN","ARMY",2016,1
"BOL","ARMY",2016,1.469
"BIH","ARMY",2016,1.437
"BWA","ARMY",2016,1.658
"BRA","ARMY",2016,1.249
"BGR","ARMY",2016,1.663
"BFA","ARMY",2016,1.092
"BDI","ARMY",2016,1.272
"KHM","ARMY",2016,2.202
"CMR","ARMY",2016,1.091
"CAN","ARMY",2016,1.279
"CAF","ARMY",2016,1.217
"TCD","ARMY",2016,1.325
"CHL","ARMY",2016,1.551
"CHN","ARMY",2016,1.261
"COL","ARMY",2016,1.936
"COG","ARMY",2016,1.329
"CRI","ARMY",2016,1
"CIV","ARMY",2016,1.179
"HRV","ARMY",2016,1.615
"CUB","ARMY",2016,1.665
"CYP","ARMY",2016,3.132
"CZE","ARMY",2016,1.317
"COD","ARMY",2016,1.286
"DNK","ARMY",2016,1.456
"DJI","ARMY",2016,2.712
"DOM","ARMY",2016,1.809
"ECU","ARMY",2016,1.392
"EGY","ARMY",2016,1.787
"SLV","ARMY",2016,1.593
"GNQ","ARMY",2016,1.18
"ERI","ARMY",2016,5
"EST","ARMY",2016,1.695
"ETH","ARMY",2016,1.211
"FIN","ARMY",2016,1.608
"FRA","ARMY",2016,1.493
"GAB","ARMY",2016,1.435
"GMB","ARMY",2016,1.076
"GEO","ARMY",2016,1.798
"DEU","ARMY",2016,1.333
"GHA","ARMY",2016,1.09
"GRC","ARMY",2016,2.953
"GTM","ARMY",2016,1.168
"GIN","ARMY",2016,1.121
"GNB","ARMY",2016,1.338
"GUY","ARMY",2016,1.595
"HTI","ARMY",2016,1
"HND","ARMY",2016,1.199
"HUN","ARMY",2016,1.416
"ISL","ARMY",2016,1
"IND","ARMY",2016,1.156
"IDN","ARMY",2016,1.235
"IRN","ARMY",2016,2.005
"IRQ","ARMY",2016,1.273
"IRL","ARMY",2016,1.292
"ISR","ARMY",2016,5
"ITA","ARMY",2016,1.445
"JAM","ARMY",2016,1.163
"JPN","ARMY",2016,1.297
"JOR","ARMY",2016,2.91
"KAZ","ARMY",2016,1.336
"KEN","ARMY",2016,1.079
"KSV","ARMY",2016,1
"KWT","ARMY",2016,1.576
"KGZ","ARMY",2016,1.294
"LAO","ARMY",2016,1.629
"LVA","ARMY",2016,1.378
"LBN","ARMY",2016,2.616
"LSO","ARMY",2016,1.142
"LBR","ARMY",2016,1.068
"LBY","ARMY",2016,1.167
"LTU","ARMY",2016,1.845
"MKD","ARMY",2016,1.585
"MDG","ARMY",2016,1.089
"MWI","ARMY",2016,1.044
"MYS","ARMY",2016,1.546
"MLI","ARMY",2016,1.056
"MRT","ARMY",2016,1.598
"MUS","ARMY",2016,1
"MEX","ARMY",2016,1.332
"MDA","ARMY",2016,1.215
"MNG","ARMY",2016,1.52
"MNE","ARMY",2016,1.486
"MAR","ARMY",2016,1.867
"MOZ","ARMY",2016,1.06
"MMR","ARMY",2016,2.145
"NAM","ARMY",2016,1.572
"NPL","ARMY",2016,1.513
"NLD","ARMY",2016,1.324
"NZL","ARMY",2016,1.298
"NIC","ARMY",2016,1.3
"NER","ARMY",2016,1.038
"NGA","ARMY",2016,1.067
"PRK","ARMY",2016,5
"NOR","ARMY",2016,1.774
"OMN","ARMY",2016,2.519
"PAK","ARMY",2016,1.518
"PSE","ARMY",2016,3.334
"PAN","ARMY",2016,1
"PNG","ARMY",2016,1.04
"PRY","ARMY",2016,1.238
"PER","ARMY",2016,1.395
"PHL","ARMY",2016,1.189
"POL","ARMY",2016,1.392
"PRT","ARMY",2016,1.478
"QAT","ARMY",2016,1.816
"ROU","ARMY",2016,1.553
"RUS","ARMY",2016,1.845
"RWA","ARMY",2016,1.432
"SAU","ARMY",2016,2.136
"SEN","ARMY",2016,1.142
"SRB","ARMY",2016,1.599
"SLE","ARMY",2016,1.212
"SGP","ARMY",2016,3.005
"SVK","ARMY",2016,1.453
"SVN","ARMY",2016,1.581
"SOM","ARMY",2016,1.246
"ZAF","ARMY",2016,1.187
"KOR","ARMY",2016,2.899
"SSD","ARMY",2016,3.279
"ESP","ARMY",2016,1.402
"LKA","ARMY",2016,2.132
"SDN","ARMY",2016,1.937
"SWZ","ARMY",2016,1.374
"SWE","ARMY",2016,1.467
"CHE","ARMY",2016,1.392
"SYR","ARMY",2016,2.121
"TWN","ARMY",2016,2.391
"TJK","ARMY",2016,1.159
"TZA","ARMY",2016,1.077
"THA","ARMY",2016,1.814
"TLS","ARMY",2016,1.128
"TGO","ARMY",2016,1.187
"TTO","ARMY",2016,1.448
"TUN","ARMY",2016,1.487
"TUR","ARMY",2016,2.013
"TKM","ARMY",2016,2.047
"UGA","ARMY",2016,1.17
"UKR","ARMY",2016,1.725
"ARE","ARMY",2016,2.096
"GBR","ARMY",2016,1.366
"USA","ARMY",2016,1.653
"URY","ARMY",2016,2.113
"UZB","ARMY",2016,1.234
"VEN","ARMY",2016,1.575
"VNM","ARMY",2016,1.784
"YEM","ARMY",2016,1.119
"ZMB","ARMY",2016,1.148
"ZWE","ARMY",2016,1.295
"AFG","ARMY",2015,1.873
"ALB","ARMY",2015,1.383
"DZA","ARMY",2015,1.505
"AGO","ARMY",2015,1.735
"ARG","ARMY",2015,1.264
"ARM","ARMY",2015,3.294
"AUS","ARMY",2015,1.367
"AUT","ARMY",2015,1.41
"AZE","ARMY",2015,2.075
"BHR","ARMY",2015,1.924
"BGD","ARMY",2015,1.15
"BLR","ARMY",2015,1.779
"BEL","ARMY",2015,1.423
"BEN","ARMY",2015,1.1
"BTN","ARMY",2015,1
"BOL","ARMY",2015,1.645
"BIH","ARMY",2015,1.437
"BWA","ARMY",2015,1.671
"BRA","ARMY",2015,1.238
"BGR","ARMY",2015,1.658
"BFA","ARMY",2015,1.096
"BDI","ARMY",2015,1.29
"KHM","ARMY",2015,2.222
"CMR","ARMY",2015,1.093
"CAN","ARMY",2015,1.282
"CAF","ARMY",2015,1.231
"TCD","ARMY",2015,1.288
"CHL","ARMY",2015,1.522
"CHN","ARMY",2015,1.262
"COL","ARMY",2015,1.923
"COG","ARMY",2015,1.333
"CRI","ARMY",2015,1
"CIV","ARMY",2015,1.117
"HRV","ARMY",2015,1.609
"CUB","ARMY",2015,1.666
"CYP","ARMY",2015,3.109
"CZE","ARMY",2015,1.297
"COD","ARMY",2015,1.294
"DNK","ARMY",2015,1.458
"DJI","ARMY",2015,2.716
"DOM","ARMY",2015,1.664
"ECU","ARMY",2015,1.576
"EGY","ARMY",2015,1.799
"SLV","ARMY",2015,1.358
"GNQ","ARMY",2015,1.195
"ERI","ARMY",2015,5
"EST","ARMY",2015,1.693
"ETH","ARMY",2015,1.217
"FIN","ARMY",2015,1.615
"FRA","ARMY",2015,1.506
"GAB","ARMY",2015,1.446
"GMB","ARMY",2015,1.08
"GEO","ARMY",2015,1.739
"DEU","ARMY",2015,1.341
"GHA","ARMY",2015,1.092
"GRC","ARMY",2015,2.981
"GTM","ARMY",2015,1.163
"GIN","ARMY",2015,1.126
"GNB","ARMY",2015,1.35
"GUY","ARMY",2015,1.189
"HTI","ARMY",2015,1
"HND","ARMY",2015,1.221
"HUN","ARMY",2015,1.413
"ISL","ARMY",2015,1
"IND","ARMY",2015,1.163
"IDN","ARMY",2015,1.238
"IRN","ARMY",2015,2.013
"IRQ","ARMY",2015,1.783
"IRL","ARMY",2015,1.292
"ISR","ARMY",2015,5
"ITA","ARMY",2015,1.438
"JAM","ARMY",2015,1.163
"JPN","ARMY",2015,1.296
"JOR","ARMY",2015,2.941
"KAZ","ARMY",2015,1.341
"KEN","ARMY",2015,1.08
"KSV","ARMY",2015,1
"KWT","ARMY",2015,1.594
"KGZ","ARMY",2015,1.298
"LAO","ARMY",2015,1.639
"LVA","ARMY",2015,1.374
"LBN","ARMY",2015,2.744
"LSO","ARMY",2015,1.145
"LBR","ARMY",2015,1.069
"LBY","ARMY",2015,1.167
"LTU","ARMY",2015,1.566
"MKD","ARMY",2015,1.577
"MDG","ARMY",2015,1.092
"MWI","ARMY",2015,1.045
"MYS","ARMY",2015,1.549
"MLI","ARMY",2015,1.039
"MRT","ARMY",2015,1.611
"MUS","ARMY",2015,1
"MEX","ARMY",2015,1.328
"MDA","ARMY",2015,1.208
"MNG","ARMY",2015,1.527
"MNE","ARMY",2015,1.481
"MAR","ARMY",2015,1.89
"MOZ","ARMY",2015,1.063
"MMR","ARMY",2015,2.149
"NAM","ARMY",2015,1.584
"NPL","ARMY",2015,1.519
"NLD","ARMY",2015,1.334
"NZL","ARMY",2015,1.302
"NIC","ARMY",2015,1.296
"NER","ARMY",2015,1.041
"NGA","ARMY",2015,1.068
"PRK","ARMY",2015,5
"NOR","ARMY",2015,1.779
"OMN","ARMY",2015,2.65
"PAK","ARMY",2015,1.529
"PAN","ARMY",2015,1
"PNG","ARMY",2015,1.041
"PRY","ARMY",2015,1.242
"PER","ARMY",2015,1.567
"PHL","ARMY",2015,1.19
"POL","ARMY",2015,1.391
"PRT","ARMY",2015,1.507
"QAT","ARMY",2015,1.804
"ROU","ARMY",2015,1.499
"RUS","ARMY",2015,1.824
"RWA","ARMY",2015,1.415
"SAU","ARMY",2015,2.158
"SEN","ARMY",2015,1.147
"SRB","ARMY",2015,1.594
"SLE","ARMY",2015,1.27
"SGP","ARMY",2015,3.029
"SVK","ARMY",2015,1.451
"SVN","ARMY",2015,1.59
"SOM","ARMY",2015,1.155
"ZAF","ARMY",2015,1.177
"KOR","ARMY",2015,2.971
"SSD","ARMY",2015,4.097
"ESP","ARMY",2015,1.43
"LKA","ARMY",2015,2.142
"SDN","ARMY",2015,2.211
"SWZ","ARMY",2015,1.374
"SWE","ARMY",2015,1.235
"CHE","ARMY",2015,1.394
"SYR","ARMY",2015,2.493
"TWN","ARMY",2015,2.881
"TJK","ARMY",2015,1.163
"TZA","ARMY",2015,1.081
"THA","ARMY",2015,1.816
"TLS","ARMY",2015,1.132
"TGO","ARMY",2015,1.196
"TTO","ARMY",2015,1.45
"TUN","ARMY",2015,1.492
"TUR","ARMY",2015,2.022
"TKM","ARMY",2015,1.632
"UGA","ARMY",2015,1.176
"UKR","ARMY",2015,1.412
"ARE","ARMY",2015,2.136
"GBR","ARMY",2015,1.378
"USA","ARMY",2015,1.683
"URY","ARMY",2015,2.117
"UZB","ARMY",2015,1.238
"VEN","ARMY",2015,1.575
"VNM","ARMY",2015,1.792
"YEM","ARMY",2015,1.408
"ZMB","ARMY",2015,1.152
"ZWE","ARMY",2015,1.337
"AFG","ARMY",2014,1.939
"ALB","ARMY",2014,1.673
"DZA","ARMY",2014,1.521
"AGO","ARMY",2014,1.758
"ARG","ARMY",2014,1.266
"ARM","ARMY",2014,3.301
"AUS","ARMY",2014,1.367
"AUT","ARMY",2014,1.411
"AZE","ARMY",2014,2.088
"BHR","ARMY",2014,1.947
"BGD","ARMY",2014,1.152
"BLR","ARMY",2014,1.777
"BEL","ARMY",2014,1.442
"BEN","ARMY",2014,1.103
"BTN","ARMY",2014,1
"BOL","ARMY",2014,1.655
"BIH","ARMY",2014,1.437
"BWA","ARMY",2014,1.678
"BRA","ARMY",2014,1.241
"BGR","ARMY",2014,1.653
"BFA","ARMY",2014,1.099
"BDI","ARMY",2014,1.299
"KHM","ARMY",2014,2.248
"CMR","ARMY",2014,1.096
"CAN","ARMY",2014,1.285
"CAF","ARMY",2014,1.228
"TCD","ARMY",2014,1.296
"CHL","ARMY",2014,1.528
"CHN","ARMY",2014,1.263
"COL","ARMY",2014,1.873
"COG","ARMY",2014,1.342
"CRI","ARMY",2014,1
"CIV","ARMY",2014,1.117
"HRV","ARMY",2014,1.609
"CUB","ARMY",2014,1.667
"CYP","ARMY",2014,3.121
"CZE","ARMY",2014,1.346
"COD","ARMY",2014,1.302
"DNK","ARMY",2014,1.46
"DJI","ARMY",2014,2.742
"DOM","ARMY",2014,1.712
"ECU","ARMY",2014,1.584
"EGY","ARMY",2014,1.812
"SLV","ARMY",2014,1.363
"GNQ","ARMY",2014,1.201
"ERI","ARMY",2014,5
"EST","ARMY",2014,1.709
"ETH","ARMY",2014,1.223
"FIN","ARMY",2014,1.616
"FRA","ARMY",2014,1.525
"GAB","ARMY",2014,1.457
"GMB","ARMY",2014,1.082
"GEO","ARMY",2014,1.706
"DEU","ARMY",2014,1.35
"GHA","ARMY",2014,1.094
"GRC","ARMY",2014,2.953
"GTM","ARMY",2014,1.167
"GIN","ARMY",2014,1.129
"GNB","ARMY",2014,1.359
"GUY","ARMY",2014,1.19
"HTI","ARMY",2014,1
"HND","ARMY",2014,1.225
"HUN","ARMY",2014,1.413
"ISL","ARMY",2014,1
"IND","ARMY",2014,1.163
"IDN","ARMY",2014,1.24
"IRN","ARMY",2014,2.029
"IRQ","ARMY",2014,2.222
"IRL","ARMY",2014,1.296
"ISR","ARMY",2014,5
"ITA","ARMY",2014,1.439
"JAM","ARMY",2014,1.168
"JPN","ARMY",2014,1.295
"JOR","ARMY",2014,3.046
"KAZ","ARMY",2014,1.346
"KEN","ARMY",2014,1.082
"KSV","ARMY",2014,1
"KWT","ARMY",2014,1.617
"KGZ","ARMY",2014,1.302
"LAO","ARMY",2014,1.65
"LVA","ARMY",2014,1.371
"LBN","ARMY",2014,2.862
"LSO","ARMY",2014,1.147
"LBR","ARMY",2014,1.071
"LBY","ARMY",2014,1.172
"LTU","ARMY",2014,1.65
"MKD","ARMY",2014,1.588
"MDG","ARMY",2014,1.094
"MWI","ARMY",2014,1.046
"MYS","ARMY",2014,1.558
"MLI","ARMY",2014,1.027
"MRT","ARMY",2014,1.625
"MUS","ARMY",2014,1
"MEX","ARMY",2014,1.353
"MDA","ARMY",2014,1.212
"MNG","ARMY",2014,1.536
"MNE","ARMY",2014,1.487
"MAR","ARMY",2014,1.907
"MOZ","ARMY",2014,1.065
"MMR","ARMY",2014,1.996
"NAM","ARMY",2014,1.569
"NPL","ARMY",2014,1.524
"NLD","ARMY",2014,1.335
"NZL","ARMY",2014,1.302
"NIC","ARMY",2014,1.257
"NER","ARMY",2014,1.043
"NGA","ARMY",2014,1.07
"PRK","ARMY",2014,5
"NOR","ARMY",2014,1.783
"OMN","ARMY",2014,2.708
"PAK","ARMY",2014,1.536
"PAN","ARMY",2014,1
"PNG","ARMY",2014,1.041
"PRY","ARMY",2014,1.246
"PER","ARMY",2014,1.561
"PHL","ARMY",2014,1.193
"POL","ARMY",2014,1.391
"PRT","ARMY",2014,1.622
"QAT","ARMY",2014,1.937
"ROU","ARMY",2014,1.504
"RUS","ARMY",2014,1.902
"RWA","ARMY",2014,1.426
"SAU","ARMY",2014,2.225
"SEN","ARMY",2014,1.151
"SRB","ARMY",2014,1.591
"SLE","ARMY",2014,1.275
"SGP","ARMY",2014,3.056
"SVK","ARMY",2014,1.45
"SVN","ARMY",2014,1.591
"SOM","ARMY",2014,1.29
"ZAF","ARMY",2014,1.179
"KOR","ARMY",2014,2.981
"SSD","ARMY",2014,3.942
"ESP","ARMY",2014,1.437
"LKA","ARMY",2014,2.151
"SDN","ARMY",2014,2.238
"SWZ","ARMY",2014,1.374
"SWE","ARMY",2014,1.237
"CHE","ARMY",2014,1.434
"SYR","ARMY",2014,2.345
"TWN","ARMY",2014,2.887
"TJK","ARMY",2014,1.169
"TZA","ARMY",2014,1.083
"THA","ARMY",2014,1.819
"TLS","ARMY",2014,1.134
"TGO","ARMY",2014,1.201
"TTO","ARMY",2014,1.452
"TUN","ARMY",2014,1.498
"TUR","ARMY",2014,2.031
"TKM","ARMY",2014,1.654
"UGA","ARMY",2014,1.182
"UKR","ARMY",2014,1.438
"ARE","ARMY",2014,1.98
"GBR","ARMY",2014,1.404
"USA","ARMY",2014,1.717
"URY","ARMY",2014,2.121
"UZB","ARMY",2014,1.241
"VEN","ARMY",2014,1.584
"VNM","ARMY",2014,1.818
"YEM","ARMY",2014,1.415
"ZMB","ARMY",2014,1.157
"ZWE","ARMY",2014,1.337
"AFG","ARMY",2013,1.889
"ALB","ARMY",2013,1.658
"DZA","ARMY",2013,1.533
"AGO","ARMY",2013,1.807
"ARG","ARMY",2013,1.269
"ARM","ARMY",2013,3.401
"AUS","ARMY",2013,1.38
"AUT","ARMY",2013,1.413
"AZE","ARMY",2013,2.103
"BHR","ARMY",2013,1.905
"BGD","ARMY",2013,1.156
"BLR","ARMY",2013,1.774
"BEL","ARMY",2013,1.471
"BEN","ARMY",2013,1.114
"BTN","ARMY",2013,1
"BOL","ARMY",2013,1.682
"BIH","ARMY",2013,1.445
"BWA","ARMY",2013,1.675
"BRA","ARMY",2013,1.248
"BGR","ARMY",2013,1.645
"BFA","ARMY",2013,1.096
"BDI","ARMY",2013,1.348
"KHM","ARMY",2013,2.296
"CMR","ARMY",2013,1.104
"CAN","ARMY",2013,1.288
"CAF","ARMY",2013,1.066
"TCD","ARMY",2013,1.321
"CHL","ARMY",2013,1.516
"CHN","ARMY",2013,1.261
"COL","ARMY",2013,1.887
"COG","ARMY",2013,1.359
"CRI","ARMY",2013,1
"CIV","ARMY",2013,1.117
"HRV","ARMY",2013,1.659
"CUB","ARMY",2013,1.663
"CYP","ARMY",2013,3.205
"CZE","ARMY",2013,1.346
"COD","ARMY",2013,1.293
"DNK","ARMY",2013,1.433
"DJI","ARMY",2013,2.647
"DOM","ARMY",2013,1.392
"ECU","ARMY",2013,1.592
"EGY","ARMY",2013,1.794
"SLV","ARMY",2013,1.364
"GNQ","ARMY",2013,1.205
"ERI","ARMY",2013,5
"EST","ARMY",2013,1.681
"ETH","ARMY",2013,1.242
"FIN","ARMY",2013,1.621
"FRA","ARMY",2013,1.547
"GAB","ARMY",2013,1.488
"GMB","ARMY",2013,1.083
"GEO","ARMY",2013,1.71
"DEU","ARMY",2013,1.365
"GHA","ARMY",2013,1.095
"GRC","ARMY",2013,2.917
"GTM","ARMY",2013,1.171
"GIN","ARMY",2013,1.145
"GNB","ARMY",2013,1.385
"GUY","ARMY",2013,1.201
"HTI","ARMY",2013,1
"HND","ARMY",2013,1.218
"HUN","ARMY",2013,1.412
"ISL","ARMY",2013,1
"IND","ARMY",2013,1.165
"IDN","ARMY",2013,1.243
"IRN","ARMY",2013,2.051
"IRQ","ARMY",2013,2.233
"IRL","ARMY",2013,1.299
"ISR","ARMY",2013,5
"ITA","ARMY",2013,1.451
"JAM","ARMY",2013,1.168
"JPN","ARMY",2013,1.298
"JOR","ARMY",2013,3.371
"KAZ","ARMY",2013,1.351
"KEN","ARMY",2013,1.085
"KSV","ARMY",2013,1
"KWT","ARMY",2013,1.637
"KGZ","ARMY",2013,1.307
"LAO","ARMY",2013,1.691
"LVA","ARMY",2013,1.369
"LBN","ARMY",2013,3.121
"LSO","ARMY",2013,1.137
"LBR","ARMY",2013,1.072
"LBY","ARMY",2013,2.731
"LTU","ARMY",2013,1.57
"MKD","ARMY",2013,1.589
"MDG","ARMY",2013,1.097
"MWI","ARMY",2013,1.048
"MYS","ARMY",2013,1.565
"MLI","ARMY",2013,1.065
"MRT","ARMY",2013,1.671
"MUS","ARMY",2013,1
"MEX","ARMY",2013,1.357
"MDA","ARMY",2013,1.214
"MNG","ARMY",2013,1.536
"MNE","ARMY",2013,1.481
"MAR","ARMY",2013,1.914
"MOZ","ARMY",2013,1.068
"MMR","ARMY",2013,2.009
"NAM","ARMY",2013,1.597
"NPL","ARMY",2013,1.47
"NLD","ARMY",2013,1.335
"NZL","ARMY",2013,1.305
"NIC","ARMY",2013,1.263
"NER","ARMY",2013,1.046
"NGA","ARMY",2013,1.072
"PRK","ARMY",2013,5
"NOR","ARMY",2013,1.728
"OMN","ARMY",2013,2.94
"PAK","ARMY",2013,1.542
"PAN","ARMY",2013,1
"PNG","ARMY",2013,1.063
"PRY","ARMY",2013,1.251
"PER","ARMY",2013,1.568
"PHL","ARMY",2013,1.183
"POL","ARMY",2013,1.383
"PRT","ARMY",2013,1.62
"QAT","ARMY",2013,1.993
"ROU","ARMY",2013,1.504
"RUS","ARMY",2013,1.9
"RWA","ARMY",2013,1.445
"SAU","ARMY",2013,2.231
"SEN","ARMY",2013,1.162
"SRB","ARMY",2013,1.6
"SLE","ARMY",2013,1.273
"SGP","ARMY",2013,3.063
"SVK","ARMY",2013,1.448
"SVN","ARMY",2013,1.592
"SOM","ARMY",2013,1.047
"ZAF","ARMY",2013,1.193
"KOR","ARMY",2013,2.992
"SSD","ARMY",2013,4.097
"ESP","ARMY",2013,1.446
"LKA","ARMY",2013,2.152
"SDN","ARMY",2013,2.034
"SWZ","ARMY",2013,1.374
"SWE","ARMY",2013,1.334
"CHE","ARMY",2013,1.438
"SYR","ARMY",2013,2.327
"TWN","ARMY",2013,2.891
"TJK","ARMY",2013,1.173
"TZA","ARMY",2013,1.086
"THA","ARMY",2013,1.798
"TLS","ARMY",2013,1.128
"TGO","ARMY",2013,1.218
"TTO","ARMY",2013,1.45
"TUN","ARMY",2013,1.512
"TUR","ARMY",2013,2.04
"TKM","ARMY",2013,1.662
"UGA","ARMY",2013,1.192
"UKR","ARMY",2013,1.435
"ARE","ARMY",2013,2.037
"GBR","ARMY",2013,1.4
"USA","ARMY",2013,1.735
"URY","ARMY",2013,2.124
"UZB","ARMY",2013,1.251
"VEN","ARMY",2013,1.592
"VNM","ARMY",2013,1.819
"YEM","ARMY",2013,1.401
"ZMB","ARMY",2013,1.164
"ZWE","ARMY",2013,1.35
"AFG","ARMY",2012,1.884
"ALB","ARMY",2012,1.668
"DZA","ARMY",2012,1.544
"AGO","ARMY",2012,1.829
"ARG","ARMY",2012,1.271
"ARM","ARMY",2012,3.411
"AUS","ARMY",2012,1.385
"AUT","ARMY",2012,1.469
"AZE","ARMY",2012,2.118
"BHR","ARMY",2012,1.955
"BGD","ARMY",2012,1.143
"BLR","ARMY",2012,2.174
"BEL","ARMY",2012,1.486
"BEN","ARMY",2012,1.084
"BTN","ARMY",2012,1.211
"BOL","ARMY",2012,1.686
"BIH","ARMY",2012,1.444
"BWA","ARMY",2012,1.684
"BRA","ARMY",2012,1.251
"BGR","ARMY",2012,1.641
"BFA","ARMY",2012,1.099
"BDI","ARMY",2012,1.355
"KHM","ARMY",2012,2.231
"CMR","ARMY",2012,1.104
"CAN","ARMY",2012,1.292
"CAF","ARMY",2012,1.068
"TCD","ARMY",2012,1.33
"CHL","ARMY",2012,1.52
"CHN","ARMY",2012,1.263
"COL","ARMY",2012,1.905
"COG","ARMY",2012,1.367
"CRI","ARMY",2012,1
"CIV","ARMY",2012,1.117
"HRV","ARMY",2012,1.644
"CUB","ARMY",2012,1.663
"CYP","ARMY",2012,3.227
"CZE","ARMY",2012,1.361
"COD","ARMY",2012,1.347
"DNK","ARMY",2012,1.517
"DJI","ARMY",2012,2.678
"DOM","ARMY",2012,1.39
"ECU","ARMY",2012,1.612
"EGY","ARMY",2012,1.775
"SLV","ARMY",2012,1.391
"GNQ","ARMY",2012,1.211
"ERI","ARMY",2012,5
"EST","ARMY",2012,1.683
"ETH","ARMY",2012,1.275
"FIN","ARMY",2012,1.623
"FRA","ARMY",2012,1.574
"GAB","ARMY",2012,1.497
"GMB","ARMY",2012,1.086
"GEO","ARMY",2012,1.719
"DEU","ARMY",2012,1.467
"GHA","ARMY",2012,1.098
"GRC","ARMY",2012,2.968
"GTM","ARMY",2012,1.155
"GIN","ARMY",2012,1.179
"GNB","ARMY",2012,1.362
"GUY","ARMY",2012,1.201
"HTI","ARMY",2012,1
"HND","ARMY",2012,1.235
"HUN","ARMY",2012,1.35
"ISL","ARMY",2012,1
"IND","ARMY",2012,1.168
"IDN","ARMY",2012,1.187
"IRN","ARMY",2012,2.047
"IRQ","ARMY",2012,2.28
"IRL","ARMY",2012,1.367
"ISR","ARMY",2012,5
"ITA","ARMY",2012,1.463
"JAM","ARMY",2012,1.167
"JPN","ARMY",2012,1.298
"JOR","ARMY",2012,3.329
"KAZ","ARMY",2012,1.454
"KEN","ARMY",2012,1.088
"KSV","ARMY",2012,1
"KWT","ARMY",2012,1.655
"KGZ","ARMY",2012,1.302
"LAO","ARMY",2012,1.672
"LVA","ARMY",2012,1.341
"LBN","ARMY",2012,3.088
"LSO","ARMY",2012,1.139
"LBR","ARMY",2012,1.074
"LBY","ARMY",2012,2.731
"LTU","ARMY",2012,1.515
"MKD","ARMY",2012,1.59
"MDG","ARMY",2012,1.1
"MWI","ARMY",2012,1.047
"MYS","ARMY",2012,1.579
"MLI","ARMY",2012,1.067
"MRT","ARMY",2012,1.687
"MUS","ARMY",2012,1
"MEX","ARMY",2012,1.374
"MDA","ARMY",2012,1.214
"MNG","ARMY",2012,1.556
"MNE","ARMY",2012,1.736
"MAR","ARMY",2012,1.91
"MOZ","ARMY",2012,1.07
"MMR","ARMY",2012,2.212
"NAM","ARMY",2012,1.608
"NPL","ARMY",2012,1.48
"NLD","ARMY",2012,1.338
"NZL","ARMY",2012,1.343
"NIC","ARMY",2012,1.27
"NER","ARMY",2012,1.047
"NGA","ARMY",2012,1.078
"PRK","ARMY",2012,5
"NOR","ARMY",2012,1.734
"OMN","ARMY",2012,2.962
"PAK","ARMY",2012,1.517
"PAN","ARMY",2012,1
"PNG","ARMY",2012,1.065
"PRY","ARMY",2012,1.254
"PER","ARMY",2012,1.576
"PHL","ARMY",2012,1.187
"POL","ARMY",2012,1.398
"PRT","ARMY",2012,1.614
"QAT","ARMY",2012,2.005
"ROU","ARMY",2012,1.525
"RUS","ARMY",2012,2.027
"RWA","ARMY",2012,1.459
"SAU","ARMY",2012,2.27
"SEN","ARMY",2012,1.161
"SRB","ARMY",2012,1.607
"SLE","ARMY",2012,1.279
"SGP","ARMY",2012,3.134
"SVK","ARMY",2012,1.447
"SVN","ARMY",2012,1.593
"SOM","ARMY",2012,1.032
"ZAF","ARMY",2012,1.192
"KOR","ARMY",2012,3.006
"SSD","ARMY",2012,4.097
"ESP","ARMY",2012,1.471
"LKA","ARMY",2012,2.188
"SDN","ARMY",2012,1.375
"SWZ","ARMY",2012,1.379
"SWE","ARMY",2012,1.321
"CHE","ARMY",2012,1.479
"SYR","ARMY",2012,2.953
"TWN","ARMY",2012,2.897
"TJK","ARMY",2012,1.176
"TZA","ARMY",2012,1.089
"THA","ARMY",2012,1.682
"TLS","ARMY",2012,1.128
"TGO","ARMY",2012,1.218
"TTO","ARMY",2012,1.452
"TUN","ARMY",2012,1.522
"TUR","ARMY",2012,2.05
"TKM","ARMY",2012,1.668
"UGA","ARMY",2012,1.196
"UKR","ARMY",2012,1.434
"ARE","ARMY",2012,2.094
"GBR","ARMY",2012,1.422
"USA","ARMY",2012,1.762
"URY","ARMY",2012,2.128
"UZB","ARMY",2012,1.352
"VEN","ARMY",2012,1.601
"VNM","ARMY",2012,1.827
"YEM","ARMY",2012,1.408
"ZMB","ARMY",2012,1.171
"ZWE","ARMY",2012,1.35
"AFG","ARMY",2011,1.668
"ALB","ARMY",2011,1.668
"DZA","ARMY",2011,1.616
"AGO","ARMY",2011,1.834
"ARG","ARMY",2011,1.271
"ARM","ARMY",2011,3.419
"AUS","ARMY",2011,1.385
"AUT","ARMY",2011,1.468
"AZE","ARMY",2011,2.117
"BHR","ARMY",2011,1.938
"BGD","ARMY",2011,1.143
"BLR","ARMY",2011,2.183
"BEL","ARMY",2011,1.543
"BEN","ARMY",2011,1.086
"BTN","ARMY",2011,1
"BOL","ARMY",2011,1.684
"BIH","ARMY",2011,1.443
"BWA","ARMY",2011,1.684
"BRA","ARMY",2011,1.248
"BGR","ARMY",2011,1.637
"BFA","ARMY",2011,1.099
"BDI","ARMY",2011,1.349
"KHM","ARMY",2011,2.231
"CMR","ARMY",2011,1.103
"CAN","ARMY",2011,1.292
"CAF","ARMY",2011,1.066
"TCD","ARMY",2011,1.334
"CHL","ARMY",2011,1.52
"CHN","ARMY",2011,1.263
"COL","ARMY",2011,1.905
"COG","ARMY",2011,1.396
"CRI","ARMY",2011,1
"CIV","ARMY",2011,1.117
"HRV","ARMY",2011,1.644
"CUB","ARMY",2011,1.663
"CYP","ARMY",2011,2.851
"CZE","ARMY",2011,1.343
"COD","ARMY",2011,1.346
"DNK","ARMY",2011,1.518
"DJI","ARMY",2011,2.71
"DOM","ARMY",2011,1.389
"ECU","ARMY",2011,1.612
"EGY","ARMY",2011,1.827
"SLV","ARMY",2011,1.391
"GNQ","ARMY",2011,1.214
"ERI","ARMY",2011,5
"EST","ARMY",2011,1.569
"ETH","ARMY",2011,1.275
"FIN","ARMY",2011,1.623
"FRA","ARMY",2011,1.574
"GAB","ARMY",2011,1.498
"GMB","ARMY",2011,1.085
"GEO","ARMY",2011,1.727
"DEU","ARMY",2011,1.46
"GHA","ARMY",2011,1.098
"GRC","ARMY",2011,2.921
"GTM","ARMY",2011,1.155
"GIN","ARMY",2011,1
"GNB","ARMY",2011,1.369
"GUY","ARMY",2011,1.2
"HTI","ARMY",2011,1
"HND","ARMY",2011,1.235
"HUN","ARMY",2011,1.463
"ISL","ARMY",2011,1
"IND","ARMY",2011,1.168
"IDN","ARMY",2011,1.187
"IRN","ARMY",2011,2.047
"IRQ","ARMY",2011,2.165
"IRL","ARMY",2011,1.367
"ISR","ARMY",2011,5
"ITA","ARMY",2011,1.467
"JAM","ARMY",2011,1.167
"JPN","ARMY",2011,1.298
"JOR","ARMY",2011,3.359
"KAZ","ARMY",2011,1.449
"KEN","ARMY",2011,1.087
"KSV","ARMY",2011,1
"KWT","ARMY",2011,1.664
"KGZ","ARMY",2011,1.304
"LAO","ARMY",2011,1.675
"LVA","ARMY",2011,1.408
"LBN","ARMY",2011,3.088
"LSO","ARMY",2011,1.14
"LBR","ARMY",2011,1.072
"LBY","ARMY",2011,2.731
"LTU","ARMY",2011,1.505
"MKD","ARMY",2011,1.59
"MDG","ARMY",2011,1.103
"MWI","ARMY",2011,1.047
"MYS","ARMY",2011,1.579
"MLI","ARMY",2011,1.078
"MRT","ARMY",2011,1.707
"MUS","ARMY",2011,1
"MEX","ARMY",2011,1.374
"MDA","ARMY",2011,1.214
"MNG","ARMY",2011,1.557
"MNE","ARMY",2011,1.717
"MAR","ARMY",2011,1.911
"MOZ","ARMY",2011,1.07
"MMR","ARMY",2011,2.214
"NAM","ARMY",2011,1.608
"NPL","ARMY",2011,1.48
"NLD","ARMY",2011,1.338
"NZL","ARMY",2011,1.343
"NIC","ARMY",2011,1.27
"NER","ARMY",2011,1.046
"NGA","ARMY",2011,1.078
"PRK","ARMY",2011,5
"NOR","ARMY",2011,1.795
"OMN","ARMY",2011,2.908
"PAK","ARMY",2011,1.495
"PAN","ARMY",2011,1
"PNG","ARMY",2011,1.064
"PRY","ARMY",2011,1.254
"PER","ARMY",2011,1.576
"PHL","ARMY",2011,1.187
"POL","ARMY",2011,1.399
"PRT","ARMY",2011,1.614
"QAT","ARMY",2011,1.995
"ROU","ARMY",2011,1.511
"RUS","ARMY",2011,2.124
"RWA","ARMY",2011,1.475
"SAU","ARMY",2011,2.277
"SEN","ARMY",2011,1.161
"SRB","ARMY",2011,1.608
"SLE","ARMY",2011,1.28
"SGP","ARMY",2011,3.134
"SVK","ARMY",2011,1.475
"SVN","ARMY",2011,1.606
"SOM","ARMY",2011,1.031
"ZAF","ARMY",2011,1.192
"KOR","ARMY",2011,3.006
"SSD","ARMY",2011,4.097
"ESP","ARMY",2011,1.468
"LKA","ARMY",2011,2.188
"SDN","ARMY",2011,1.375
"SWZ","ARMY",2011,1
"SWE","ARMY",2011,1.337
"CHE","ARMY",2011,1.502
"SYR","ARMY",2011,2.942
"TWN","ARMY",2011,2.897
"TJK","ARMY",2011,1.174
"TZA","ARMY",2011,1.088
"THA","ARMY",2011,1.682
"TLS","ARMY",2011,1.128
"TGO","ARMY",2011,1.218
"TTO","ARMY",2011,1.451
"TUN","ARMY",2011,1.522
"TUR","ARMY",2011,2.05
"TKM","ARMY",2011,1.668
"UGA","ARMY",2011,1.196
"UKR","ARMY",2011,1.436
"ARE","ARMY",2011,2.106
"GBR","ARMY",2011,1.432
"USA","ARMY",2011,1.761
"URY","ARMY",2011,2.128
"UZB","ARMY",2011,1.352
"VEN","ARMY",2011,1.601
"VNM","ARMY",2011,1.78
"YEM","ARMY",2011,1.408
"ZMB","ARMY",2011,1.169
"ZWE","ARMY",2011,1.35
"AFG","ARMY",2010,1.297
"ALB","ARMY",2010,1.663
"DZA","ARMY",2010,1.662
"AGO","ARMY",2010,1.938
"ARG","ARMY",2010,1.291
"ARM","ARMY",2010,3.312
"AUS","ARMY",2010,1.406
"AUT","ARMY",2010,1.637
"AZE","ARMY",2010,2.169
"BHR","ARMY",2010,2.078
"BGD","ARMY",2010,1.148
"BLR","ARMY",2010,2.151
"BEL","ARMY",2010,1.559
"BEN","ARMY",2010,1.086
"BTN","ARMY",2010,2.09
"BOL","ARMY",2010,1.721
"BIH","ARMY",2010,1.347
"BWA","ARMY",2010,1.72
"BRA","ARMY",2010,1.258
"BGR","ARMY",2010,1.829
"BFA","ARMY",2010,1.11
"BDI","ARMY",2010,1.346
"KHM","ARMY",2010,2.283
"CMR","ARMY",2010,1.112
"CAN","ARMY",2010,1.293
"CAF","ARMY",2010,1.105
"TCD","ARMY",2010,1.342
"CHL","ARMY",2010,1.553
"CHN","ARMY",2010,1.251
"COL","ARMY",2010,1.853
"COG","ARMY",2010,1.392
"CRI","ARMY",2010,1
"CIV","ARMY",2010,1.132
"HRV","ARMY",2010,1.643
"CUB","ARMY",2010,1.663
"CYP","ARMY",2010,2.908
"CZE","ARMY",2010,1.357
"COD","ARMY",2010,1.366
"DNK","ARMY",2010,1.832
"DJI","ARMY",2010,2.71
"DOM","ARMY",2010,1.803
"ECU","ARMY",2010,1.639
"EGY","ARMY",2010,1.965
"SLV","ARMY",2010,1.35
"GNQ","ARMY",2010,1.292
"ERI","ARMY",2010,5
"EST","ARMY",2010,1.567
"ETH","ARMY",2010,1.288
"FIN","ARMY",2010,1.833
"FRA","ARMY",2010,1.613
"GAB","ARMY",2010,1.563
"GMB","ARMY",2010,1.089
"GEO","ARMY",2010,1.726
"DEU","ARMY",2010,1.448
"GHA","ARMY",2010,1.089
"GRC","ARMY",2010,3.172
"GTM","ARMY",2010,1.178
"GIN","ARMY",2010,1
"GNB","ARMY",2010,1.369
"GUY","ARMY",2010,1.205
"HTI","ARMY",2010,1
"HND","ARMY",2010,1.252
"HUN","ARMY",2010,1.383
"ISL","ARMY",2010,1
"IND","ARMY",2010,1.17
"IDN","ARMY",2010,1.193
"IRN","ARMY",2010,2.103
"IRQ","ARMY",2010,3.981
"IRL","ARMY",2010,1.352
"ISR","ARMY",2010,5
"ITA","ARMY",2010,1.486
"JAM","ARMY",2010,1.169
"JPN","ARMY",2010,1.275
"JOR","ARMY",2010,3.521
"KAZ","ARMY",2010,1.472
"KEN","ARMY",2010,1.095
"KSV","ARMY",2010,1
"KWT","ARMY",2010,1.679
"KGZ","ARMY",2010,1.304
"LAO","ARMY",2010,1.74
"LVA","ARMY",2010,1.335
"LBN","ARMY",2010,3.054
"LSO","ARMY",2010,1.14
"LBR","ARMY",2010,1.077
"LBY","ARMY",2010,2.839
"LTU","ARMY",2010,1.407
"MKD","ARMY",2010,1.812
"MDG","ARMY",2010,1.105
"MWI","ARMY",2010,1.053
"MYS","ARMY",2010,1.598
"MLI","ARMY",2010,1.086
"MRT","ARMY",2010,1.779
"MUS","ARMY",2010,1
"MEX","ARMY",2010,1.353
"MDA","ARMY",2010,1.255
"MNG","ARMY",2010,1.578
"MNE","ARMY",2010,1.724
"MAR","ARMY",2010,1.944
"MOZ","ARMY",2010,1.077
"MMR","ARMY",2010,2.254
"NAM","ARMY",2010,1.655
"NPL","ARMY",2010,1.372
"NLD","ARMY",2010,1.38
"NZL","ARMY",2010,1.319
"NIC","ARMY",2010,1.292
"NER","ARMY",2010,1.046
"NGA","ARMY",2010,1.083
"PRK","ARMY",2010,5
"NOR","ARMY",2010,1.602
"OMN","ARMY",2010,3.275
"PAK","ARMY",2010,1.564
"PAN","ARMY",2010,1
"PNG","ARMY",2010,1.071
"PRY","ARMY",2010,1.268
"PER","ARMY",2010,1.596
"PHL","ARMY",2010,1.174
"POL","ARMY",2010,1.487
"PRT","ARMY",2010,1.615
"QAT","ARMY",2010,2.169
"ROU","ARMY",2010,1.517
"RUS","ARMY",2010,2.101
"RWA","ARMY",2010,1.505
"SAU","ARMY",2010,2.349
"SEN","ARMY",2010,1.168
"SRB","ARMY",2010,1.495
"SLE","ARMY",2010,1.293
"SGP","ARMY",2010,3.439
"SVK","ARMY",2010,1.473
"SVN","ARMY",2010,1.529
"SOM","ARMY",2010,1.035
"ZAF","ARMY",2010,1.197
"KOR","ARMY",2010,3.122
"SSD","ARMY",2010,4.097
"ESP","ARMY",2010,1.499
"LKA","ARMY",2010,2.184
"SDN","ARMY",2010,1.42
"SWZ","ARMY",2010,1
"SWE","ARMY",2010,1.28
"CHE","ARMY",2010,1.454
"SYR","ARMY",2010,3.176
"TWN","ARMY",2010,2.942
"TJK","ARMY",2010,1.174
"TZA","ARMY",2010,1.102
"THA","ARMY",2010,1.697
"TLS","ARMY",2010,1.128
"TGO","ARMY",2010,1.218
"TTO","ARMY",2010,1.456
"TUN","ARMY",2010,1.524
"TUR","ARMY",2010,2.081
"TKM","ARMY",2010,1.692
"UGA","ARMY",2010,1.214
"UKR","ARMY",2010,1.43
"ARE","ARMY",2010,2.377
"GBR","ARMY",2010,1.396
"USA","ARMY",2010,1.771
"URY","ARMY",2010,2.14
"UZB","ARMY",2010,1.374
"VEN","ARMY",2010,1.631
"VNM","ARMY",2010,1.803
"YEM","ARMY",2010,1.442
"ZMB","ARMY",2010,1.188
"ZWE","ARMY",2010,1.332
"AFG","ARMY",2009,1.297
"ALB","ARMY",2009,1.663
"DZA","ARMY",2009,1.662
"AGO","ARMY",2009,1.938
"ARG","ARMY",2009,1.291
"ARM","ARMY",2009,3.312
"AUS","ARMY",2009,1.406
"AUT","ARMY",2009,1.637
"AZE","ARMY",2009,2.169
"BHR","ARMY",2009,2.078
"BGD","ARMY",2009,1.148
"BLR","ARMY",2009,2.151
"BEL","ARMY",2009,1.559
"BEN","ARMY",2009,1.086
"BTN","ARMY",2009,1
"BOL","ARMY",2009,1.721
"BIH","ARMY",2009,1.347
"BWA","ARMY",2009,1.72
"BRA","ARMY",2009,1.258
"BGR","ARMY",2009,1.829
"BFA","ARMY",2009,1.11
"BDI","ARMY",2009,1.346
"KHM","ARMY",2009,2.283
"CMR","ARMY",2009,1.112
"CAN","ARMY",2009,1.293
"CAF","ARMY",2009,1.105
"TCD","ARMY",2009,1.342
"CHL","ARMY",2009,1.553
"CHN","ARMY",2009,1.251
"COL","ARMY",2009,1.853
"COG","ARMY",2009,1.392
"CRI","ARMY",2009,1
"CIV","ARMY",2009,1.132
"HRV","ARMY",2009,1.643
"CUB","ARMY",2009,1.663
"CYP","ARMY",2009,2.908
"CZE","ARMY",2009,1.357
"COD","ARMY",2009,1.366
"DNK","ARMY",2009,1.832
"DJI","ARMY",2009,2.71
"DOM","ARMY",2009,1.803
"ECU","ARMY",2009,1.639
"EGY","ARMY",2009,1.965
"SLV","ARMY",2009,1.35
"GNQ","ARMY",2009,1.292
"ERI","ARMY",2009,5
"EST","ARMY",2009,1.567
"ETH","ARMY",2009,1.288
"FIN","ARMY",2009,1.833
"FRA","ARMY",2009,1.613
"GAB","ARMY",2009,1.563
"GMB","ARMY",2009,1.089
"GEO","ARMY",2009,1.726
"DEU","ARMY",2009,1.448
"GHA","ARMY",2009,1.089
"GRC","ARMY",2009,3.172
"GTM","ARMY",2009,1.178
"GIN","ARMY",2009,1
"GNB","ARMY",2009,1.369
"GUY","ARMY",2009,1.205
"HTI","ARMY",2009,1
"HND","ARMY",2009,1.252
"HUN","ARMY",2009,1.383
"ISL","ARMY",2009,1
"IND","ARMY",2009,1.17
"IDN","ARMY",2009,1.193
"IRN","ARMY",2009,2.103
"IRQ","ARMY",2009,3.981
"IRL","ARMY",2009,1.352
"ISR","ARMY",2009,5
"ITA","ARMY",2009,1.486
"JAM","ARMY",2009,1.169
"JPN","ARMY",2009,1.275
"JOR","ARMY",2009,3.521
"KAZ","ARMY",2009,1.472
"KEN","ARMY",2009,1.095
"KSV","ARMY",2009,1
"KWT","ARMY",2009,1.679
"KGZ","ARMY",2009,1.304
"LAO","ARMY",2009,1.74
"LVA","ARMY",2009,1.335
"LBN","ARMY",2009,3.054
"LSO","ARMY",2009,1.14
"LBR","ARMY",2009,1.077
"LBY","ARMY",2009,2.839
"LTU","ARMY",2009,1.407
"MKD","ARMY",2009,1.812
"MDG","ARMY",2009,1.105
"MWI","ARMY",2009,1.053
"MYS","ARMY",2009,1.598
"MLI","ARMY",2009,1.086
"MRT","ARMY",2009,1.779
"MUS","ARMY",2009,1
"MEX","ARMY",2009,1.353
"MDA","ARMY",2009,1.255
"MNG","ARMY",2009,1.578
"MNE","ARMY",2009,2.226
"MAR","ARMY",2009,1.944
"MOZ","ARMY",2009,1.077
"MMR","ARMY",2009,2.254
"NAM","ARMY",2009,1.655
"NPL","ARMY",2009,1.372
"NLD","ARMY",2009,1.38
"NZL","ARMY",2009,1.319
"NIC","ARMY",2009,1.292
"NER","ARMY",2009,1.046
"NGA","ARMY",2009,1.083
"PRK","ARMY",2009,5
"NOR","ARMY",2009,1.602
"OMN","ARMY",2009,3.275
"PAK","ARMY",2009,1.564
"PAN","ARMY",2009,1
"PNG","ARMY",2009,1.071
"PRY","ARMY",2009,1.268
"PER","ARMY",2009,1.596
"PHL","ARMY",2009,1.174
"POL","ARMY",2009,1.487
"PRT","ARMY",2009,1.615
"QAT","ARMY",2009,2.169
"ROU","ARMY",2009,1.517
"RUS","ARMY",2009,2.101
"RWA","ARMY",2009,1.505
"SAU","ARMY",2009,2.349
"SEN","ARMY",2009,1.168
"SRB","ARMY",2009,1.495
"SLE","ARMY",2009,1.293
"SGP","ARMY",2009,3.439
"SVK","ARMY",2009,1.473
"SVN","ARMY",2009,1.529
"SOM","ARMY",2009,1.035
"ZAF","ARMY",2009,1.197
"KOR","ARMY",2009,3.122
"SSD","ARMY",2009,4.097
"ESP","ARMY",2009,1.499
"LKA","ARMY",2009,2.184
"SDN","ARMY",2009,1.42
"SWZ","ARMY",2009,1
"SWE","ARMY",2009,1.28
"CHE","ARMY",2009,1.454
"SYR","ARMY",2009,3.176
"TWN","ARMY",2009,2.942
"TJK","ARMY",2009,1.174
"TZA","ARMY",2009,1.102
"THA","ARMY",2009,1.697
"TLS","ARMY",2009,1.128
"TGO","ARMY",2009,1.218
"TTO","ARMY",2009,1.456
"TUN","ARMY",2009,1.524
"TUR","ARMY",2009,2.081
"TKM","ARMY",2009,1.692
"UGA","ARMY",2009,1.214
"UKR","ARMY",2009,1.43
"ARE","ARMY",2009,2.377
"GBR","ARMY",2009,1.396
"USA","ARMY",2009,1.771
"URY","ARMY",2009,2.14
"UZB","ARMY",2009,1.374
"VEN","ARMY",2009,1.631
"VNM","ARMY",2009,1.803
"YEM","ARMY",2009,1.442
"ZMB","ARMY",2009,1.188
"ZWE","ARMY",2009,1.332
"AFG","ARMY",2008,1.245
"ALB","ARMY",2008,1.529
"DZA","ARMY",2008,1.654
"AGO","ARMY",2008,2.006
"ARG","ARMY",2008,1.288
"ARM","ARMY",2008,3.312
"AUS","ARMY",2008,1.39
"AUT","ARMY",2008,1.735
"AZE","ARMY",2008,2.198
"BHR","ARMY",2008,2.984
"BGD","ARMY",2008,1.141
"BLR","ARMY",2008,2.142
"BEL","ARMY",2008,1.574
"BEN","ARMY",2008,1.086
"BTN","ARMY",2008,1.101
"BOL","ARMY",2008,1.648
"BIH","ARMY",2008,1.408
"BWA","ARMY",2008,1.759
"BRA","ARMY",2008,1.268
"BGR","ARMY",2008,1.911
"BFA","ARMY",2008,1.114
"BDI","ARMY",2008,1.346
"KHM","ARMY",2008,2.335
"CMR","ARMY",2008,1.166
"CAN","ARMY",2008,1.295
"CAF","ARMY",2008,1.119
"TCD","ARMY",2008,1.368
"CHL","ARMY",2008,1.665
"CHN","ARMY",2008,1.253
"COL","ARMY",2008,1.763
"COG","ARMY",2008,1.412
"CRI","ARMY",2008,1
"CIV","ARMY",2008,1.14
"HRV","ARMY",2008,1.645
"CUB","ARMY",2008,1.663
"CYP","ARMY",2008,2.968
"CZE","ARMY",2008,1.335
"COD","ARMY",2008,1.355
"DNK","ARMY",2008,1.715
"DJI","ARMY",2008,2.71
"DOM","ARMY",2008,1.626
"ECU","ARMY",2008,1.594
"EGY","ARMY",2008,1.962
"SLV","ARMY",2008,1.353
"GNQ","ARMY",2008,1.353
"ERI","ARMY",2008,5
"EST","ARMY",2008,1.514
"ETH","ARMY",2008,1.309
"FIN","ARMY",2008,1.834
"FRA","ARMY",2008,1.638
"GAB","ARMY",2008,1.548
"GMB","ARMY",2008,1.089
"GEO","ARMY",2008,1.726
"DEU","ARMY",2008,1.489
"GHA","ARMY",2008,1.069
"GRC","ARMY",2008,3.22
"GTM","ARMY",2008,1.265
"GIN","ARMY",2008,1
"GNB","ARMY",2008,1.369
"GUY","ARMY",2008,1.205
"HTI","ARMY",2008,1
"HND","ARMY",2008,1.258
"HUN","ARMY",2008,1.489
"ISL","ARMY",2008,1
"IND","ARMY",2008,1.183
"IDN","ARMY",2008,1.194
"IRN","ARMY",2008,2.186
"IRQ","ARMY",2008,2.918
"IRL","ARMY",2008,1.37
"ISR","ARMY",2008,5
"ITA","ARMY",2008,1.493
"JAM","ARMY",2008,1.166
"JPN","ARMY",2008,1.298
"JOR","ARMY",2008,3.661
"KAZ","ARMY",2008,1.572
"KEN","ARMY",2008,1.103
"KSV","ARMY",2008,1
"KWT","ARMY",2008,1.777
"KGZ","ARMY",2008,1.304
"LAO","ARMY",2008,1.768
"LVA","ARMY",2008,1.353
"LBN","ARMY",2008,3.577
"LSO","ARMY",2008,1.14
"LBR","ARMY",2008,1.077
"LBY","ARMY",2008,2.944
"LTU","ARMY",2008,1.62
"MKD","ARMY",2008,1.814
"MDG","ARMY",2008,1.111
"MWI","ARMY",2008,1.059
"MYS","ARMY",2008,1.631
"MLI","ARMY",2008,1.083
"MRT","ARMY",2008,1.786
"MUS","ARMY",2008,1
"MEX","ARMY",2008,1.314
"MDA","ARMY",2008,1.308
"MNG","ARMY",2008,1.512
"MNE","ARMY",2008,2.226
"MAR","ARMY",2008,1.968
"MOZ","ARMY",2008,1.083
"MMR","ARMY",2008,2.204
"NAM","ARMY",2008,1.678
"NPL","ARMY",2008,1.372
"NLD","ARMY",2008,1.458
"NZL","ARMY",2008,1.332
"NIC","ARMY",2008,1.364
"NER","ARMY",2008,1.046
"NGA","ARMY",2008,1.085
"PRK","ARMY",2008,5
"NOR","ARMY",2008,1.688
"OMN","ARMY",2008,3.52
"PAK","ARMY",2008,1.593
"PAN","ARMY",2008,1
"PNG","ARMY",2008,1.078
"PRY","ARMY",2008,1.258
"PER","ARMY",2008,1.523
"PHL","ARMY",2008,1.182
"POL","ARMY",2008,1.536
"PRT","ARMY",2008,1.634
"QAT","ARMY",2008,3.199
"ROU","ARMY",2008,1.602
"RUS","ARMY",2008,2.094
"RWA","ARMY",2008,1.53
"SAU","ARMY",2008,2.336
"SEN","ARMY",2008,1.177
"SRB","ARMY",2008,1.914
"SLE","ARMY",2008,1.293
"SGP","ARMY",2008,3.507
"SVK","ARMY",2008,1.518
"SVN","ARMY",2008,1.492
"SOM","ARMY",2008,1
"ZAF","ARMY",2008,1.2
"KOR","ARMY",2008,3.153
"SSD","ARMY",2008,4.097
"ESP","ARMY",2008,1.507
"LKA","ARMY",2008,2.004
"SDN","ARMY",2008,1.441
"SWZ","ARMY",2008,1
"SWE","ARMY",2008,1.435
"CHE","ARMY",2008,1.27
"SYR","ARMY",2008,3.377
"TWN","ARMY",2008,2.95
"TJK","ARMY",2008,1.174
"TZA","ARMY",2008,1.106
"THA","ARMY",2008,1.709
"TLS","ARMY",2008,1.128
"TGO","ARMY",2008,1.218
"TTO","ARMY",2008,1.328
"TUN","ARMY",2008,1.53
"TUR","ARMY",2008,2.057
"TKM","ARMY",2008,1.502
"UGA","ARMY",2008,1.233
"UKR","ARMY",2008,1.518
"ARE","ARMY",2008,2.623
"GBR","ARMY",2008,1.501
"USA","ARMY",2008,1.777
"URY","ARMY",2008,2.134
"UZB","ARMY",2008,1.351
"VEN","ARMY",2008,1.561
"VNM","ARMY",2008,1.82
"YEM","ARMY",2008,1.454
"ZMB","ARMY",2008,1.196
"ZWE","ARMY",2008,1.336
"AFG","POLI",2017,3.5
"ALB","POLI",2017,2.665
"DZA","POLI",2017,3.103
"AGO","POLI",2017,2.5
"ARG","POLI",2017,1.5
"ARM","POLI",2017,2.5
"AUS","POLI",2017,2.333
"AUT","POLI",2017,2.638
"AZE","POLI",2017,1.5
"BHR","POLI",2017,5
"BGD","POLI",2017,1.5
"BLR","POLI",2017,3.5
"BEL","POLI",2017,2.69
"BEN","POLI",2017,3.5
"BTN","POLI",2017,1.5
"BOL","POLI",2017,2.781
"BIH","POLI",2017,3.077
"BWA","POLI",2017,3.103
"BRA","POLI",2017,2.312
"BGR","POLI",2017,2.956
"BFA","POLI",2017,3.5
"BDI","POLI",2017,3.5
"KHM","POLI",2017,3.11
"CMR","POLI",2017,2.5
"CAN","POLI",2017,1.968
"CAF","POLI",2017,1.5
"TCD","POLI",2017,2.5
"CHL","POLI",2017,2.392
"CHN","POLI",2017,2.5
"COL","POLI",2017,2.559
"COG","POLI",2017,2.5
"CRI","POLI",2017,2.404
"CIV","POLI",2017,2.5
"HRV","POLI",2017,3.416
"CUB","POLI",2017,4.5
"CYP","POLI",2017,3.153
"CZE","POLI",2017,2.868
"COD","POLI",2017,1.5
"DNK","POLI",2017,1.938
"DJI","POLI",2017,4.5
"DOM","POLI",2017,2.69
"ECU","POLI",2017,2.371
"EGY","POLI",2017,4.5
"SLV","POLI",2017,2.882
"GNQ","POLI",2017,2.5
"ERI","POLI",2017,3.5
"EST","POLI",2017,2.553
"ETH","POLI",2017,1.5
"FIN","POLI",2017,1.7
"FRA","POLI",2017,2.443
"GAB","POLI",2017,3.5
"GMB","POLI",2017,2.5
"GEO","POLI",2017,2.193
"DEU","POLI",2017,2.521
"GHA","POLI",2017,2.5
"GRC","POLI",2017,3.358
"GTM","POLI",2017,1.963
"GIN","POLI",2017,1.294
"GNB","POLI",2017,2.5
"GUY","POLI",2017,3.1
"HTI","POLI",2017,2.5
"HND","POLI",2017,1.737
"HUN","POLI",2017,1.437
"ISL","POLI",2017,2.05
"IND","POLI",2017,1.677
"IDN","POLI",2017,1.809
"IRN","POLI",2017,3.5
"IRQ","POLI",2017,5
"IRL","POLI",2017,2.369
"ISR","POLI",2017,2.793
"ITA","POLI",2017,3.313
"JAM","POLI",2017,3.119
"JPN","POLI",2017,2.013
"JOR","POLI",2017,1.5
"KAZ","POLI",2017,2.177
"KEN","POLI",2017,1.437
"KSV","POLI",2017,3.053
"KWT","POLI",2017,5
"KGZ","POLI",2017,2.5
"LAO","POLI",2017,2.5
"LVA","POLI",2017,3.215
"LBN","POLI",2017,3.61
"LSO","POLI",2017,1.817
"LBR","POLI",2017,2.5
"LBY","POLI",2017,2.5
"LTU","POLI",2017,2.626
"MKD","POLI",2017,3.6
"MDG","POLI",2017,1.5
"MWI","POLI",2017,1.5
"MYS","POLI",2017,2.5
"MLI","POLI",2017,2.5
"MRT","POLI",2017,5
"MUS","POLI",2017,5
"MEX","POLI",2017,2.835
"MDA","POLI",2017,2.359
"MNG","POLI",2017,2.5
"MNE","POLI",2017,4.402
"MAR","POLI",2017,1.849
"MOZ","POLI",2017,2.5
"MMR","POLI",2017,1.5
"NAM","POLI",2017,3.5
"NPL","POLI",2017,2.5
"NLD","POLI",2017,2.525
"NZL","POLI",2017,1.983
"NIC","POLI",2017,1.837
"NER","POLI",2017,1.5
"NGA","POLI",2017,2.042
"PRK","POLI",2017,5
"NOR","POLI",2017,1.836
"OMN","POLI",2017,4.5
"PAK","POLI",2017,2.5
"PSE","POLI",2017,1.08
"PAN","POLI",2017,3.227
"PNG","POLI",2017,1.5
"PRY","POLI",2017,2.265
"PER","POLI",2017,2.615
"PHL","POLI",2017,1.765
"POL","POLI",2017,2.28
"PRT","POLI",2017,3.221
"QAT","POLI",2017,3.5
"ROU","POLI",2017,2.346
"RUS","POLI",2017,3.612
"RWA","POLI",2017,3.5
"SAU","POLI",2017,4.5
"SEN","POLI",2017,2.5
"SRB","POLI",2017,3.509
"SLE","POLI",2017,2.5
"SGP","POLI",2017,4.5
"SVK","POLI",2017,3.07
"SVN","POLI",2017,2.697
"SOM","POLI",2017,1.5
"ZAF","POLI",2017,2.5
"KOR","POLI",2017,2.039
"SSD","POLI",2017,2.5
"ESP","POLI",2017,3.631
"LKA","POLI",2017,3.5
"SDN","POLI",2017,4.5
"SWZ","POLI",2017,2.5
"SWE","POLI",2017,2.033
"CHE","POLI",2017,2.085
"SYR","POLI",2017,5
"TWN","POLI",2017,2.5
"TJK","POLI",2017,2.5
"TZA","POLI",2017,2.5
"THA","POLI",2017,2.544
"TLS","POLI",2017,1.5
"TGO","POLI",2017,1.5
"TTO","POLI",2017,3.385
"TUN","POLI",2017,2.5
"TUR","POLI",2017,3.525
"TKM","POLI",2017,3.5
"UGA","POLI",2017,1.596
"UKR","POLI",2017,2.919
"ARE","POLI",2017,4.5
"GBR","POLI",2017,2.172
"USA","POLI",2017,1.983
"URY","POLI",2017,4.545
"UZB","POLI",2017,3.5
"VEN","POLI",2017,2.5
"VNM","POLI",2017,3.5
"YEM","POLI",2017,5
"ZMB","POLI",2017,1.5
"ZWE","POLI",2017,3.5
"AFG","POLI",2016,3.5
"ALB","POLI",2016,2.494
"DZA","POLI",2016,3.457
"AGO","POLI",2016,2.5
"ARG","POLI",2016,1.5
"ARM","POLI",2016,2.5
"AUS","POLI",2016,2.313
"AUT","POLI",2016,2.635
"AZE","POLI",2016,1.5
"BHR","POLI",2016,5
"BGD","POLI",2016,1.5
"BLR","POLI",2016,3.5
"BEL","POLI",2016,2.711
"BEN","POLI",2016,3.5
"BTN","POLI",2016,1.5
"BOL","POLI",2016,2.739
"BIH","POLI",2016,3.146
"BWA","POLI",2016,3.212
"BRA","POLI",2016,2.338
"BGR","POLI",2016,2.854
"BFA","POLI",2016,3.5
"BDI","POLI",2016,2.5
"KHM","POLI",2016,3.11
"CMR","POLI",2016,2.5
"CAN","POLI",2016,1.985
"CAF","POLI",2016,1.5
"TCD","POLI",2016,2.5
"CHL","POLI",2016,2.343
"CHN","POLI",2016,2.5
"COL","POLI",2016,2.733
"COG","POLI",2016,2.5
"CRI","POLI",2016,2.356
"CIV","POLI",2016,2.5
"HRV","POLI",2016,3.418
"CUB","POLI",2016,4.5
"CYP","POLI",2016,3.199
"CZE","POLI",2016,2.811
"COD","POLI",2016,1.5
"DNK","POLI",2016,1.957
"DJI","POLI",2016,4.5
"DOM","POLI",2016,2.647
"ECU","POLI",2016,2.416
"EGY","POLI",2016,4.5
"SLV","POLI",2016,2.757
"GNQ","POLI",2016,2.5
"ERI","POLI",2016,3.5
"EST","POLI",2016,2.639
"ETH","POLI",2016,1.5
"FIN","POLI",2016,1.708
"FRA","POLI",2016,1.862
"GAB","POLI",2016,3.5
"GMB","POLI",2016,2.5
"GEO","POLI",2016,2.069
"DEU","POLI",2016,2.481
"GHA","POLI",2016,2.5
"GRC","POLI",2016,3.401
"GTM","POLI",2016,1.807
"GIN","POLI",2016,1.294
"GNB","POLI",2016,2.5
"GUY","POLI",2016,2.999
"HTI","POLI",2016,2.5
"HND","POLI",2016,1.715
"HUN","POLI",2016,1.421
"ISL","POLI",2016,2.037
"IND","POLI",2016,1.692
"IDN","POLI",2016,1.809
"IRN","POLI",2016,3.5
"IRQ","POLI",2016,5
"IRL","POLI",2016,2.467
"ISR","POLI",2016,2.799
"ITA","POLI",2016,3.267
"JAM","POLI",2016,2.97
"JPN","POLI",2016,2.011
"JOR","POLI",2016,2.5
"KAZ","POLI",2016,2.224
"KEN","POLI",2016,1.475
"KSV","POLI",2016,2.982
"KWT","POLI",2016,5
"KGZ","POLI",2016,2.5
"LAO","POLI",2016,2.5
"LVA","POLI",2016,3
"LBN","POLI",2016,3.862
"LSO","POLI",2016,1.817
"LBR","POLI",2016,3.5
"LBY","POLI",2016,2.5
"LTU","POLI",2016,2.561
"MKD","POLI",2016,3.201
"MDG","POLI",2016,1.5
"MWI","POLI",2016,1.5
"MYS","POLI",2016,2.5
"MLI","POLI",2016,2.5
"MRT","POLI",2016,5
"MUS","POLI",2016,5
"MEX","POLI",2016,2.856
"MDA","POLI",2016,2.167
"MNG","POLI",2016,2.5
"MNE","POLI",2016,4.336
"MAR","POLI",2016,1.861
"MOZ","POLI",2016,2.5
"MMR","POLI",2016,1.5
"NAM","POLI",2016,3.5
"NPL","POLI",2016,2.5
"NLD","POLI",2016,2.54
"NZL","POLI",2016,1.985
"NIC","POLI",2016,1.837
"NER","POLI",2016,1.5
"NGA","POLI",2016,2.037
"PRK","POLI",2016,5
"NOR","POLI",2016,1.818
"OMN","POLI",2016,4.5
"PAK","POLI",2016,2.5
"PSE","POLI",2016,1.081
"PAN","POLI",2016,3.194
"PNG","POLI",2016,1.5
"PRY","POLI",2016,2.669
"PER","POLI",2016,2.623
"PHL","POLI",2016,1.759
"POL","POLI",2016,2.279
"PRT","POLI",2016,3.161
"QAT","POLI",2016,3.5
"ROU","POLI",2016,2.236
"RUS","POLI",2016,3.61
"RWA","POLI",2016,3.5
"SAU","POLI",2016,4.5
"SEN","POLI",2016,2.5
"SRB","POLI",2016,2.782
"SLE","POLI",2016,2.5
"SGP","POLI",2016,4.5
"SVK","POLI",2016,3.056
"SVN","POLI",2016,2.741
"SOM","POLI",2016,1.5
"ZAF","POLI",2016,2.5
"KOR","POLI",2016,2.046
"SSD","POLI",2016,2.5
"ESP","POLI",2016,3.627
"LKA","POLI",2016,3.5
"SDN","POLI",2016,4.5
"SWZ","POLI",2016,2.5
"SWE","POLI",2016,2.04
"CHE","POLI",2016,2.103
"SYR","POLI",2016,5
"TWN","POLI",2016,2.5
"TJK","POLI",2016,2.5
"TZA","POLI",2016,2.5
"THA","POLI",2016,2.548
"TLS","POLI",2016,1.5
"TGO","POLI",2016,1.5
"TTO","POLI",2016,3.218
"TUN","POLI",2016,2.5
"TUR","POLI",2016,3.554
"TKM","POLI",2016,3.5
"UGA","POLI",2016,1.5
"UKR","POLI",2016,2.919
"ARE","POLI",2016,4.5
"GBR","POLI",2016,2.189
"USA","POLI",2016,1.98
"URY","POLI",2016,4.367
"UZB","POLI",2016,3.5
"VEN","POLI",2016,2.5
"VNM","POLI",2016,3.5
"YEM","POLI",2016,5
"ZMB","POLI",2016,1.5
"ZWE","POLI",2016,3.5
"AFG","POLI",2015,3.5
"ALB","POLI",2015,2.538
"DZA","POLI",2015,3.016
"AGO","POLI",2015,2.5
"ARG","POLI",2015,1.5
"ARM","POLI",2015,2.5
"AUS","POLI",2015,2.309
"AUT","POLI",2015,2.64
"AZE","POLI",2015,1.5
"BHR","POLI",2015,5
"BGD","POLI",2015,1.5
"BLR","POLI",2015,3.5
"BEL","POLI",2015,2.696
"BEN","POLI",2015,3.5
"BTN","POLI",2015,1.5
"BOL","POLI",2015,2.739
"BIH","POLI",2015,3.182
"BWA","POLI",2015,3.212
"BRA","POLI",2015,2.226
"BGR","POLI",2015,2.935
"BFA","POLI",2015,3.5
"BDI","POLI",2015,2.5
"KHM","POLI",2015,3.11
"CMR","POLI",2015,2.5
"CAN","POLI",2015,1.998
"CAF","POLI",2015,1.5
"TCD","POLI",2015,2.5
"CHL","POLI",2015,2.343
"CHN","POLI",2015,2.5
"COL","POLI",2015,2.733
"COG","POLI",2015,2.5
"CRI","POLI",2015,2.347
"CIV","POLI",2015,2.5
"HRV","POLI",2015,3.5
"CUB","POLI",2015,4.5
"CYP","POLI",2015,3.331
"CZE","POLI",2015,2.799
"COD","POLI",2015,1.5
"DNK","POLI",2015,1.961
"DJI","POLI",2015,4.5
"DOM","POLI",2015,2.647
"ECU","POLI",2015,2.416
"EGY","POLI",2015,4.5
"SLV","POLI",2015,2.718
"GNQ","POLI",2015,2.5
"ERI","POLI",2015,3.5
"EST","POLI",2015,2.714
"ETH","POLI",2015,1.5
"FIN","POLI",2015,1.743
"FRA","POLI",2015,2.451
"GAB","POLI",2015,3.5
"GMB","POLI",2015,2.5
"GEO","POLI",2015,2.069
"DEU","POLI",2015,2.473
"GHA","POLI",2015,2.5
"GRC","POLI",2015,3.457
"GTM","POLI",2015,1.807
"GIN","POLI",2015,1.294
"GNB","POLI",2015,2.5
"GUY","POLI",2015,3.064
"HTI","POLI",2015,2.5
"HND","POLI",2015,1.769
"HUN","POLI",2015,1.431
"ISL","POLI",2015,2.165
"IND","POLI",2015,1.655
"IDN","POLI",2015,1.809
"IRN","POLI",2015,3.5
"IRQ","POLI",2015,5
"IRL","POLI",2015,2.467
"ISR","POLI",2015,2.798
"ITA","POLI",2015,3.293
"JAM","POLI",2015,2.969
"JPN","POLI",2015,2.024
"JOR","POLI",2015,2.5
"KAZ","POLI",2015,3.634
"KEN","POLI",2015,1.493
"KSV","POLI",2015,2.5
"KWT","POLI",2015,5
"KGZ","POLI",2015,2.5
"LAO","POLI",2015,2.5
"LVA","POLI",2015,3.086
"LBN","POLI",2015,3.5
"LSO","POLI",2015,1.817
"LBR","POLI",2015,3.5
"LBY","POLI",2015,2.5
"LTU","POLI",2015,2.574
"MKD","POLI",2015,3.71
"MDG","POLI",2015,1.5
"MWI","POLI",2015,1.5
"MYS","POLI",2015,2.5
"MLI","POLI",2015,2.5
"MRT","POLI",2015,5
"MUS","POLI",2015,5
"MEX","POLI",2015,2.775
"MDA","POLI",2015,3.262
"MNG","POLI",2015,2.5
"MNE","POLI",2015,4.389
"MAR","POLI",2015,1.861
"MOZ","POLI",2015,2.5
"MMR","POLI",2015,1.5
"NAM","POLI",2015,3.5
"NPL","POLI",2015,2.5
"NLD","POLI",2015,2.189
"NZL","POLI",2015,1.985
"NIC","POLI",2015,1.837
"NER","POLI",2015,1.5
"NGA","POLI",2015,2.094
"PRK","POLI",2015,5
"NOR","POLI",2015,1.795
"OMN","POLI",2015,4.5
"PAK","POLI",2015,2.5
"PAN","POLI",2015,3.566
"PNG","POLI",2015,1.5
"PRY","POLI",2015,2.669
"PER","POLI",2015,2.5
"PHL","POLI",2015,1.761
"POL","POLI",2015,2.259
"PRT","POLI",2015,3.213
"QAT","POLI",2015,3.5
"ROU","POLI",2015,2.221
"RUS","POLI",2015,3.604
"RWA","POLI",2015,3.5
"SAU","POLI",2015,4.5
"SEN","POLI",2015,2.5
"SRB","POLI",2015,2.798
"SLE","POLI",2015,2.5
"SGP","POLI",2015,4.5
"SVK","POLI",2015,2.992
"SVN","POLI",2015,2.782
"SOM","POLI",2015,1.5
"ZAF","POLI",2015,2.5
"KOR","POLI",2015,2.046
"SSD","POLI",2015,2.5
"ESP","POLI",2015,2.917
"LKA","POLI",2015,3.5
"SDN","POLI",2015,4.5
"SWZ","POLI",2015,2.5
"SWE","POLI",2015,2.046
"CHE","POLI",2015,2.102
"SYR","POLI",2015,5
"TWN","POLI",2015,2.5
"TJK","POLI",2015,2.5
"TZA","POLI",2015,2.5
"THA","POLI",2015,2.548
"TLS","POLI",2015,1.5
"TGO","POLI",2015,1.5
"TTO","POLI",2015,3.312
"TUN","POLI",2015,2.5
"TUR","POLI",2015,3.5
"TKM","POLI",2015,3.5
"UGA","POLI",2015,1.552
"UKR","POLI",2015,2.919
"ARE","POLI",2015,4.5
"GBR","POLI",2015,2.206
"USA","POLI",2015,2.056
"URY","POLI",2015,4.876
"UZB","POLI",2015,3.5
"VEN","POLI",2015,2.5
"VNM","POLI",2015,3.5
"YEM","POLI",2015,5
"ZMB","POLI",2015,1.5
"ZWE","POLI",2015,3.5
"AFG","POLI",2014,3.5
"ALB","POLI",2014,2.512
"DZA","POLI",2014,3.156
"AGO","POLI",2014,2.5
"ARG","POLI",2014,1.5
"ARM","POLI",2014,2.5
"AUS","POLI",2014,2.323
"AUT","POLI",2014,2.641
"AZE","POLI",2014,1.5
"BHR","POLI",2014,5
"BGD","POLI",2014,1.5
"BLR","POLI",2014,3.875
"BEL","POLI",2014,2.864
"BEN","POLI",2014,3.5
"BTN","POLI",2014,1.5
"BOL","POLI",2014,2.815
"BIH","POLI",2014,3.242
"BWA","POLI",2014,3.164
"BRA","POLI",2014,2.333
"BGR","POLI",2014,2.971
"BFA","POLI",2014,3.5
"BDI","POLI",2014,2.5
"KHM","POLI",2014,1.5
"CMR","POLI",2014,2.5
"CAN","POLI",2014,2.011
"CAF","POLI",2014,1.5
"TCD","POLI",2014,2.5
"CHL","POLI",2014,2.186
"CHN","POLI",2014,2.5
"COL","POLI",2014,2.744
"COG","POLI",2014,2.5
"CRI","POLI",2014,2.385
"CIV","POLI",2014,2.5
"HRV","POLI",2014,3.404
"CUB","POLI",2014,4.5
"CYP","POLI",2014,3.378
"CZE","POLI",2014,2.853
"COD","POLI",2014,1.5
"DNK","POLI",2014,1.975
"DJI","POLI",2014,4.5
"DOM","POLI",2014,2.562
"ECU","POLI",2014,2.416
"EGY","POLI",2014,4.5
"SLV","POLI",2014,2.715
"GNQ","POLI",2014,2.5
"ERI","POLI",2014,3.5
"EST","POLI",2014,2.672
"ETH","POLI",2014,1.5
"FIN","POLI",2014,1.76
"FRA","POLI",2014,2.462
"GAB","POLI",2014,3.5
"GMB","POLI",2014,2.5
"GEO","POLI",2014,2.078
"DEU","POLI",2014,2.48
"GHA","POLI",2014,2.5
"GRC","POLI",2014,3.455
"GTM","POLI",2014,1.807
"GIN","POLI",2014,1.294
"GNB","POLI",2014,2.005
"GUY","POLI",2014,3.13
"HTI","POLI",2014,2.5
"HND","POLI",2014,2.5
"HUN","POLI",2014,1.435
"ISL","POLI",2014,2.104
"IND","POLI",2014,1.645
"IDN","POLI",2014,1.812
"IRN","POLI",2014,3.5
"IRQ","POLI",2014,5
"IRL","POLI",2014,2.535
"ISR","POLI",2014,2.794
"ITA","POLI",2014,3.29
"JAM","POLI",2014,2.972
"JPN","POLI",2014,2.028
"JOR","POLI",2014,2.5
"KAZ","POLI",2014,3.221
"KEN","POLI",2014,1.477
"KSV","POLI",2014,2.5
"KWT","POLI",2014,5
"KGZ","POLI",2014,2.5
"LAO","POLI",2014,2.5
"LVA","POLI",2014,3.159
"LBN","POLI",2014,3.891
"LSO","POLI",2014,1.817
"LBR","POLI",2014,3.5
"LBY","POLI",2014,2.5
"LTU","POLI",2014,2.501
"MKD","POLI",2014,3.394
"MDG","POLI",2014,1.5
"MWI","POLI",2014,1.5
"MYS","POLI",2014,2.5
"MLI","POLI",2014,2.5
"MRT","POLI",2014,5
"MUS","POLI",2014,5
"MEX","POLI",2014,3.295
"MDA","POLI",2014,2.225
"MNG","POLI",2014,2.388
"MNE","POLI",2014,4.919
"MAR","POLI",2014,1.823
"MOZ","POLI",2014,2.5
"MMR","POLI",2014,1.5
"NAM","POLI",2014,3.5
"NPL","POLI",2014,2.5
"NLD","POLI",2014,2.15
"NZL","POLI",2014,2.012
"NIC","POLI",2014,1.842
"NER","POLI",2014,1.5
"NGA","POLI",2014,2.5
"PRK","POLI",2014,5
"NOR","POLI",2014,1.79
"OMN","POLI",2014,4.5
"PAK","POLI",2014,2.5
"PAN","POLI",2014,2.758
"PNG","POLI",2014,1.5
"PRY","POLI",2014,2.32
"PER","POLI",2014,2.601
"PHL","POLI",2014,1.754
"POL","POLI",2014,2.253
"PRT","POLI",2014,3.242
"QAT","POLI",2014,3.5
"ROU","POLI",2014,2.164
"RUS","POLI",2014,3.615
"RWA","POLI",2014,3.5
"SAU","POLI",2014,3.5
"SEN","POLI",2014,2.5
"SRB","POLI",2014,2.724
"SLE","POLI",2014,2.65
"SGP","POLI",2014,4.5
"SVK","POLI",2014,2.934
"SVN","POLI",2014,2.875
"SOM","POLI",2014,1.5
"ZAF","POLI",2014,2.5
"KOR","POLI",2014,2.057
"SSD","POLI",2014,2.5
"ESP","POLI",2014,2.949
"LKA","POLI",2014,3.19
"SDN","POLI",2014,4.5
"SWZ","POLI",2014,2.341
"SWE","POLI",2014,2.08
"CHE","POLI",2014,2.5
"SYR","POLI",2014,5
"TWN","POLI",2014,2.5
"TJK","POLI",2014,2.5
"TZA","POLI",2014,2.5
"THA","POLI",2014,2.487
"TLS","POLI",2014,1.5
"TGO","POLI",2014,1.5
"TTO","POLI",2014,3.329
"TUN","POLI",2014,2.5
"TUR","POLI",2014,3.409
"TKM","POLI",2014,3.5
"UGA","POLI",2014,1.562
"UKR","POLI",2014,2.944
"ARE","POLI",2014,4.5
"GBR","POLI",2014,2.259
"USA","POLI",2014,2.115
"URY","POLI",2014,4.466
"UZB","POLI",2014,3.5
"VEN","POLI",2014,2.5
"VNM","POLI",2014,3.5
"YEM","POLI",2014,2.5
"ZMB","POLI",2014,1.5
"ZWE","POLI",2014,3.5
"AFG","POLI",2013,3.5
"ALB","POLI",2013,2.509
"DZA","POLI",2013,4.5
"AGO","POLI",2013,2.5
"ARG","POLI",2013,1.979
"ARM","POLI",2013,2.5
"AUS","POLI",2013,2.303
"AUT","POLI",2013,2.64
"AZE","POLI",2013,1.672
"BHR","POLI",2013,5
"BGD","POLI",2013,1.433
"BLR","POLI",2013,3.875
"BEL","POLI",2013,2.864
"BEN","POLI",2013,3.5
"BTN","POLI",2013,1.5
"BOL","POLI",2013,2.815
"BIH","POLI",2013,3.213
"BWA","POLI",2013,3.181
"BRA","POLI",2013,3.5
"BGR","POLI",2013,2.964
"BFA","POLI",2013,3.5
"BDI","POLI",2013,2.5
"KHM","POLI",2013,1.5
"CMR","POLI",2013,2.5
"CAN","POLI",2013,2.018
"CAF","POLI",2013,1.5
"TCD","POLI",2013,2.5
"CHL","POLI",2013,2.067
"CHN","POLI",2013,2.5
"COL","POLI",2013,2.718
"COG","POLI",2013,2.5
"CRI","POLI",2013,2.381
"CIV","POLI",2013,2.5
"HRV","POLI",2013,3.367
"CUB","POLI",2013,4.5
"CYP","POLI",2013,3.454
"CZE","POLI",2013,3.09
"COD","POLI",2013,1.5
"DNK","POLI",2013,1.982
"DJI","POLI",2013,4.5
"DOM","POLI",2013,2.562
"ECU","POLI",2013,2.416
"EGY","POLI",2013,4.5
"SLV","POLI",2013,2.662
"GNQ","POLI",2013,2.5
"ERI","POLI",2013,3.5
"EST","POLI",2013,2.691
"ETH","POLI",2013,1.5
"FIN","POLI",2013,1.761
"FRA","POLI",2013,2.663
"GAB","POLI",2013,3.5
"GMB","POLI",2013,2.5
"GEO","POLI",2013,2.078
"DEU","POLI",2013,2.48
"GHA","POLI",2013,2.5
"GRC","POLI",2013,2.755
"GTM","POLI",2013,1.807
"GIN","POLI",2013,1.294
"GNB","POLI",2013,1.5
"GUY","POLI",2013,2.644
"HTI","POLI",2013,2.5
"HND","POLI",2013,3.5
"HUN","POLI",2013,2.5
"ISL","POLI",2013,2.181
"IND","POLI",2013,1.645
"IDN","POLI",2013,1.5
"IRN","POLI",2013,3.5
"IRQ","POLI",2013,5
"IRL","POLI",2013,2.608
"ISR","POLI",2013,2.925
"ITA","POLI",2013,2.879
"JAM","POLI",2013,3.25
"JPN","POLI",2013,2.019
"JOR","POLI",2013,2.5
"KAZ","POLI",2013,3.221
"KEN","POLI",2013,1.523
"KSV","POLI",2013,2.5
"KWT","POLI",2013,5
"KGZ","POLI",2013,2.5
"LAO","POLI",2013,2.5
"LVA","POLI",2013,3.159
"LBN","POLI",2013,3.891
"LSO","POLI",2013,1.817
"LBR","POLI",2013,3.5
"LBY","POLI",2013,2.5
"LTU","POLI",2013,2.615
"MKD","POLI",2013,3.394
"MDG","POLI",2013,1.5
"MWI","POLI",2013,1.5
"MYS","POLI",2013,2.5
"MLI","POLI",2013,2.5
"MRT","POLI",2013,5
"MUS","POLI",2013,5
"MEX","POLI",2013,2.855
"MDA","POLI",2013,2.225
"MNG","POLI",2013,2.388
"MNE","POLI",2013,4.919
"MAR","POLI",2013,1.823
"MOZ","POLI",2013,2.5
"MMR","POLI",2013,1.5
"NAM","POLI",2013,3.5
"NPL","POLI",2013,2.007
"NLD","POLI",2013,2.122
"NZL","POLI",2013,2.003
"NIC","POLI",2013,2.6
"NER","POLI",2013,1.5
"NGA","POLI",2013,2.5
"PRK","POLI",2013,5
"NOR","POLI",2013,1.787
"OMN","POLI",2013,4.5
"PAK","POLI",2013,2.5
"PAN","POLI",2013,3.5
"PNG","POLI",2013,1.5
"PRY","POLI",2013,2.659
"PER","POLI",2013,2.601
"PHL","POLI",2013,1.68
"POL","POLI",2013,2.252
"PRT","POLI",2013,3.22
"QAT","POLI",2013,3.427
"ROU","POLI",2013,2.063
"RUS","POLI",2013,4.5
"RWA","POLI",2013,3.5
"SAU","POLI",2013,3.5
"SEN","POLI",2013,2.5
"SRB","POLI",2013,2.698
"SLE","POLI",2013,1.865
"SGP","POLI",2013,2.961
"SVK","POLI",2013,3.002
"SVN","POLI",2013,2.916
"SOM","POLI",2013,1.5
"ZAF","POLI",2013,2.5
"KOR","POLI",2013,2.038
"SSD","POLI",2013,2.5
"ESP","POLI",2013,2.936
"LKA","POLI",2013,3.19
"SDN","POLI",2013,4.5
"SWZ","POLI",2013,2.341
"SWE","POLI",2013,2.082
"CHE","POLI",2013,2.078
"SYR","POLI",2013,5
"TWN","POLI",2013,2.5
"TJK","POLI",2013,2.5
"TZA","POLI",2013,2.5
"THA","POLI",2013,2.487
"TLS","POLI",2013,1.5
"TGO","POLI",2013,1.5
"TTO","POLI",2013,3.471
"TUN","POLI",2013,2.5
"TUR","POLI",2013,3.409
"TKM","POLI",2013,3.5
"UGA","POLI",2013,1.562
"UKR","POLI",2013,2.944
"ARE","POLI",2013,4.5
"GBR","POLI",2013,2.323
"USA","POLI",2013,2.136
"URY","POLI",2013,3.539
"UZB","POLI",2013,3.5
"VEN","POLI",2013,2.5
"VNM","POLI",2013,3.5
"YEM","POLI",2013,2.5
"ZMB","POLI",2013,1.5
"ZWE","POLI",2013,3.5
"AFG","POLI",2012,3.5
"ALB","POLI",2012,2.505
"DZA","POLI",2012,4.5
"AGO","POLI",2012,2.5
"ARG","POLI",2012,1.979
"ARM","POLI",2012,2.5
"AUS","POLI",2012,2.237
"AUT","POLI",2012,2.59
"AZE","POLI",2012,1.672
"BHR","POLI",2012,5
"BGD","POLI",2012,1.433
"BLR","POLI",2012,2.626
"BEL","POLI",2012,2.795
"BEN","POLI",2012,3.5
"BTN","POLI",2012,1.5
"BOL","POLI",2012,2.5
"BIH","POLI",2012,3.165
"BWA","POLI",2012,3.181
"BRA","POLI",2012,3.5
"BGR","POLI",2012,3.036
"BFA","POLI",2012,3.5
"BDI","POLI",2012,3.5
"KHM","POLI",2012,1.5
"CMR","POLI",2012,2.5
"CAN","POLI",2012,2.001
"CAF","POLI",2012,1.5
"TCD","POLI",2012,2.5
"CHL","POLI",2012,2.034
"CHN","POLI",2012,2.5
"COL","POLI",2012,2.668
"COG","POLI",2012,2.5
"CRI","POLI",2012,2.381
"CIV","POLI",2012,2.5
"HRV","POLI",2012,3.29
"CUB","POLI",2012,4.5
"CYP","POLI",2012,3.454
"CZE","POLI",2012,3.09
"COD","POLI",2012,1.5
"DNK","POLI",2012,1.982
"DJI","POLI",2012,4.5
"DOM","POLI",2012,2.562
"ECU","POLI",2012,2.416
"EGY","POLI",2012,4.5
"SLV","POLI",2012,2.378
"GNQ","POLI",2012,2.5
"ERI","POLI",2012,3.5
"EST","POLI",2012,2.186
"ETH","POLI",2012,1.5
"FIN","POLI",2012,1.778
"FRA","POLI",2012,2.663
"GAB","POLI",2012,3.5
"GMB","POLI",2012,2.5
"GEO","POLI",2012,2.002
"DEU","POLI",2012,2.491
"GHA","POLI",2012,2.5
"GRC","POLI",2012,2.755
"GTM","POLI",2012,1.807
"GIN","POLI",2012,1.294
"GNB","POLI",2012,1.5
"GUY","POLI",2012,3.5
"HTI","POLI",2012,2.5
"HND","POLI",2012,3.5
"HUN","POLI",2012,2.665
"ISL","POLI",2012,2.181
"IND","POLI",2012,1.645
"IDN","POLI",2012,1.5
"IRN","POLI",2012,3.5
"IRQ","POLI",2012,5
"IRL","POLI",2012,2.649
"ISR","POLI",2012,2.925
"ITA","POLI",2012,2.879
"JAM","POLI",2012,2.5
"JPN","POLI",2012,2.016
"JOR","POLI",2012,2.515
"KAZ","POLI",2012,3.221
"KEN","POLI",2012,1.523
"KSV","POLI",2012,2.5
"KWT","POLI",2012,5
"KGZ","POLI",2012,2.5
"LAO","POLI",2012,2.5
"LVA","POLI",2012,3.143
"LBN","POLI",2012,3.891
"LSO","POLI",2012,1.817
"LBR","POLI",2012,3.5
"LBY","POLI",2012,2.5
"LTU","POLI",2012,2.64
"MKD","POLI",2012,3.394
"MDG","POLI",2012,1.5
"MWI","POLI",2012,1.5
"MYS","POLI",2012,2.5
"MLI","POLI",2012,2.5
"MRT","POLI",2012,5
"MUS","POLI",2012,5
"MEX","POLI",2012,2.889
"MDA","POLI",2012,2.212
"MNG","POLI",2012,2.276
"MNE","POLI",2012,4.919
"MAR","POLI",2012,1.823
"MOZ","POLI",2012,2.5
"MMR","POLI",2012,1.5
"NAM","POLI",2012,3.5
"NPL","POLI",2012,2.007
"NLD","POLI",2012,2.078
"NZL","POLI",2012,2.063
"NIC","POLI",2012,3.5
"NER","POLI",2012,2.5
"NGA","POLI",2012,2.5
"PRK","POLI",2012,5
"NOR","POLI",2012,1.79
"OMN","POLI",2012,4.5
"PAK","POLI",2012,2.5
"PAN","POLI",2012,3.5
"PNG","POLI",2012,1.5
"PRY","POLI",2012,2.659
"PER","POLI",2012,2.601
"PHL","POLI",2012,1.68
"POL","POLI",2012,2.294
"PRT","POLI",2012,3.35
"QAT","POLI",2012,3.427
"ROU","POLI",2012,2.063
"RUS","POLI",2012,4.5
"RWA","POLI",2012,3.5
"SAU","POLI",2012,3.5
"SEN","POLI",2012,2.5
"SRB","POLI",2012,2.653
"SLE","POLI",2012,1.865
"SGP","POLI",2012,2.961
"SVK","POLI",2012,3.002
"SVN","POLI",2012,2.937
"SOM","POLI",2012,1.5
"ZAF","POLI",2012,2.5
"KOR","POLI",2012,2.038
"SSD","POLI",2012,2.5
"ESP","POLI",2012,2.892
"LKA","POLI",2012,2.631
"SDN","POLI",2012,4.5
"SWZ","POLI",2012,2.341
"SWE","POLI",2012,2.028
"CHE","POLI",2012,2.078
"SYR","POLI",2012,5
"TWN","POLI",2012,2.5
"TJK","POLI",2012,2.5
"TZA","POLI",2012,2.5
"THA","POLI",2012,2.471
"TLS","POLI",2012,1.5
"TGO","POLI",2012,1.5
"TTO","POLI",2012,3.471
"TUN","POLI",2012,2.5
"TUR","POLI",2012,3.409
"TKM","POLI",2012,3.5
"UGA","POLI",2012,1.606
"UKR","POLI",2012,2.956
"ARE","POLI",2012,4.5
"GBR","POLI",2012,2.371
"USA","POLI",2012,2.149
"URY","POLI",2012,3.539
"UZB","POLI",2012,3.5
"VEN","POLI",2012,1.5
"VNM","POLI",2012,3.5
"YEM","POLI",2012,2.5
"ZMB","POLI",2012,1.5
"ZWE","POLI",2012,3.5
"AFG","POLI",2011,2.5
"ALB","POLI",2011,2.523
"DZA","POLI",2011,4.5
"AGO","POLI",2011,2.5
"ARG","POLI",2011,2.5
"ARM","POLI",2011,2.5
"AUS","POLI",2011,2.243
"AUT","POLI",2011,2.643
"AZE","POLI",2011,1.685
"BHR","POLI",2011,5
"BGD","POLI",2011,1.5
"BLR","POLI",2011,2.627
"BEL","POLI",2011,2.797
"BEN","POLI",2011,3.5
"BTN","POLI",2011,1.5
"BOL","POLI",2011,2.5
"BIH","POLI",2011,2.4
"BWA","POLI",2011,4.5
"BRA","POLI",2011,3.5
"BGR","POLI",2011,3.226
"BFA","POLI",2011,3.5
"BDI","POLI",2011,3.5
"KHM","POLI",2011,1.5
"CMR","POLI",2011,2.5
"CAN","POLI",2011,1.981
"CAF","POLI",2011,1.5
"TCD","POLI",2011,2.5
"CHL","POLI",2011,2.183
"CHN","POLI",2011,2.5
"COL","POLI",2011,2.5
"COG","POLI",2011,2.5
"CRI","POLI",2011,2.376
"CIV","POLI",2011,2.5
"HRV","POLI",2011,3.241
"CUB","POLI",2011,4.5
"CYP","POLI",2011,4.108
"CZE","POLI",2011,3.103
"COD","POLI",2011,1.5
"DNK","POLI",2011,1.972
"DJI","POLI",2011,4.5
"DOM","POLI",2011,2.517
"ECU","POLI",2011,2.463
"EGY","POLI",2011,4.5
"SLV","POLI",2011,2.376
"GNQ","POLI",2011,2.5
"ERI","POLI",2011,3.5
"EST","POLI",2011,2.2
"ETH","POLI",2011,1.5
"FIN","POLI",2011,1.772
"FRA","POLI",2011,2.5
"GAB","POLI",2011,3.5
"GMB","POLI",2011,2.5
"GEO","POLI",2011,2.582
"DEU","POLI",2011,2.505
"GHA","POLI",2011,2.5
"GRC","POLI",2011,2.78
"GTM","POLI",2011,2.5
"GIN","POLI",2011,1.286
"GNB","POLI",2011,1.5
"GUY","POLI",2011,3.5
"HTI","POLI",2011,2.5
"HND","POLI",2011,2.5
"HUN","POLI",2011,2.5
"ISL","POLI",2011,2.298
"IND","POLI",2011,1.613
"IDN","POLI",2011,1.5
"IRN","POLI",2011,3.5
"IRQ","POLI",2011,5
"IRL","POLI",2011,2.517
"ISR","POLI",2011,2.868
"ITA","POLI",2011,3.75
"JAM","POLI",2011,2.5
"JPN","POLI",2011,2.006
"JOR","POLI",2011,2.5
"KAZ","POLI",2011,3.24
"KEN","POLI",2011,1.581
"KSV","POLI",2011,2.5
"KWT","POLI",2011,5
"KGZ","POLI",2011,2.5
"LAO","POLI",2011,2.5
"LVA","POLI",2011,3.5
"LBN","POLI",2011,3.871
"LSO","POLI",2011,1.817
"LBR","POLI",2011,3.5
"LBY","POLI",2011,2.5
"LTU","POLI",2011,2.659
"MKD","POLI",2011,3.4
"MDG","POLI",2011,1.5
"MWI","POLI",2011,1.5
"MYS","POLI",2011,2.5
"MLI","POLI",2011,2.5
"MRT","POLI",2011,5
"MUS","POLI",2011,5
"MEX","POLI",2011,2.5
"MDA","POLI",2011,2.213
"MNG","POLI",2011,2.386
"MNE","POLI",2011,5
"MAR","POLI",2011,1.766
"MOZ","POLI",2011,2.5
"MMR","POLI",2011,1.5
"NAM","POLI",2011,3.5
"NPL","POLI",2011,2.01
"NLD","POLI",2011,2.078
"NZL","POLI",2011,2.075
"NIC","POLI",2011,3.5
"NER","POLI",2011,2.5
"NGA","POLI",2011,2.5
"PRK","POLI",2011,5
"NOR","POLI",2011,2.5
"OMN","POLI",2011,3.5
"PAK","POLI",2011,2.5
"PAN","POLI",2011,3.5
"PNG","POLI",2011,1.5
"PRY","POLI",2011,2.657
"PER","POLI",2011,3.5
"PHL","POLI",2011,1.679
"POL","POLI",2011,2.321
"PRT","POLI",2011,3.313
"QAT","POLI",2011,3.177
"ROU","POLI",2011,2.178
"RUS","POLI",2011,4.5
"RWA","POLI",2011,3.5
"SAU","POLI",2011,3.5
"SEN","POLI",2011,2.5
"SRB","POLI",2011,3.2
"SLE","POLI",2011,3.5
"SGP","POLI",2011,2.982
"SVK","POLI",2011,2.863
"SVN","POLI",2011,2.93
"SOM","POLI",2011,1.5
"ZAF","POLI",2011,2.5
"KOR","POLI",2011,2.01
"SSD","POLI",2011,2.5
"ESP","POLI",2011,2.855
"LKA","POLI",2011,2.652
"SDN","POLI",2011,4.5
"SWZ","POLI",2011,2.317
"SWE","POLI",2011,2.032
"CHE","POLI",2011,2.082
"SYR","POLI",2011,3.5
"TWN","POLI",2011,2.5
"TJK","POLI",2011,2.5
"TZA","POLI",2011,2.5
"THA","POLI",2011,2.605
"TLS","POLI",2011,1.5
"TGO","POLI",2011,1.5
"TTO","POLI",2011,3.5
"TUN","POLI",2011,2.5
"TUR","POLI",2011,3.312
"TKM","POLI",2011,3.5
"UGA","POLI",2011,1.6
"UKR","POLI",2011,2.866
"ARE","POLI",2011,3.5
"GBR","POLI",2011,2.384
"USA","POLI",2011,2.137
"URY","POLI",2011,3.5
"UZB","POLI",2011,3.5
"VEN","POLI",2011,1.5
"VNM","POLI",2011,3.5
"YEM","POLI",2011,2.5
"ZMB","POLI",2011,2.5
"ZWE","POLI",2011,3.5
"AFG","POLI",2010,2.5
"ALB","POLI",2010,2.523
"DZA","POLI",2010,4.5
"AGO","POLI",2010,2.5
"ARG","POLI",2010,2.5
"ARM","POLI",2010,2.5
"AUS","POLI",2010,2.243
"AUT","POLI",2010,1.5
"AZE","POLI",2010,1.685
"BHR","POLI",2010,5
"BGD","POLI",2010,1.5
"BLR","POLI",2010,2.627
"BEL","POLI",2010,2.797
"BEN","POLI",2010,3.5
"BTN","POLI",2010,1.5
"BOL","POLI",2010,2.5
"BIH","POLI",2010,2.4
"BWA","POLI",2010,3.5
"BRA","POLI",2010,3.5
"BGR","POLI",2010,3.226
"BFA","POLI",2010,3.5
"BDI","POLI",2010,2.5
"KHM","POLI",2010,1.5
"CMR","POLI",2010,2.5
"CAN","POLI",2010,1.981
"CAF","POLI",2010,1.5
"TCD","POLI",2010,2.5
"CHL","POLI",2010,1.5
"CHN","POLI",2010,2.5
"COL","POLI",2010,2.5
"COG","POLI",2010,2.5
"CRI","POLI",2010,2.376
"CIV","POLI",2010,2.5
"HRV","POLI",2010,3.241
"CUB","POLI",2010,4.5
"CYP","POLI",2010,4.108
"CZE","POLI",2010,3.103
"COD","POLI",2010,1.5
"DNK","POLI",2010,1.972
"DJI","POLI",2010,4.5
"DOM","POLI",2010,2.517
"ECU","POLI",2010,2.463
"EGY","POLI",2010,4.5
"SLV","POLI",2010,2.376
"GNQ","POLI",2010,2.5
"ERI","POLI",2010,3.5
"EST","POLI",2010,2.2
"ETH","POLI",2010,1.5
"FIN","POLI",2010,1.772
"FRA","POLI",2010,2.5
"GAB","POLI",2010,3.5
"GMB","POLI",2010,2.5
"GEO","POLI",2010,2.582
"DEU","POLI",2010,2.505
"GHA","POLI",2010,2.5
"GRC","POLI",2010,2.78
"GTM","POLI",2010,2.5
"GIN","POLI",2010,1.286
"GNB","POLI",2010,1.5
"GUY","POLI",2010,3.5
"HTI","POLI",2010,2.5
"HND","POLI",2010,2.5
"HUN","POLI",2010,2.5
"ISL","POLI",2010,2.298
"IND","POLI",2010,1.613
"IDN","POLI",2010,1.5
"IRN","POLI",2010,3.5
"IRQ","POLI",2010,3.5
"IRL","POLI",2010,2.517
"ISR","POLI",2010,2.868
"ITA","POLI",2010,3.75
"JAM","POLI",2010,2.5
"JPN","POLI",2010,1.5
"JOR","POLI",2010,2.5
"KAZ","POLI",2010,3.24
"KEN","POLI",2010,1.581
"KSV","POLI",2010,2.5
"KWT","POLI",2010,5
"KGZ","POLI",2010,2.5
"LAO","POLI",2010,2.5
"LVA","POLI",2010,3.5
"LBN","POLI",2010,3.871
"LSO","POLI",2010,1.817
"LBR","POLI",2010,3.5
"LBY","POLI",2010,2.5
"LTU","POLI",2010,2.659
"MKD","POLI",2010,3.4
"MDG","POLI",2010,1.5
"MWI","POLI",2010,1.5
"MYS","POLI",2010,2.5
"MLI","POLI",2010,4.5
"MRT","POLI",2010,5
"MUS","POLI",2010,5
"MEX","POLI",2010,2.5
"MDA","POLI",2010,2.213
"MNG","POLI",2010,2.386
"MNE","POLI",2010,5
"MAR","POLI",2010,1.766
"MOZ","POLI",2010,2.5
"MMR","POLI",2010,1.5
"NAM","POLI",2010,3.5
"NPL","POLI",2010,2.01
"NLD","POLI",2010,2.078
"NZL","POLI",2010,1.5
"NIC","POLI",2010,3.5
"NER","POLI",2010,2.5
"NGA","POLI",2010,2.5
"PRK","POLI",2010,5
"NOR","POLI",2010,2.5
"OMN","POLI",2010,3.5
"PAK","POLI",2010,2.5
"PAN","POLI",2010,3.5
"PNG","POLI",2010,1.5
"PRY","POLI",2010,2.657
"PER","POLI",2010,2.615
"PHL","POLI",2010,1.679
"POL","POLI",2010,2.321
"PRT","POLI",2010,3.313
"QAT","POLI",2010,3.177
"ROU","POLI",2010,2.178
"RUS","POLI",2010,4.5
"RWA","POLI",2010,3.5
"SAU","POLI",2010,3.5
"SEN","POLI",2010,2.5
"SRB","POLI",2010,3.2
"SLE","POLI",2010,2.5
"SGP","POLI",2010,2.982
"SVK","POLI",2010,2.863
"SVN","POLI",2010,2.93
"SOM","POLI",2010,1.5
"ZAF","POLI",2010,2.5
"KOR","POLI",2010,1.5
"SSD","POLI",2010,2.5
"ESP","POLI",2010,2.855
"LKA","POLI",2010,2.652
"SDN","POLI",2010,4.5
"SWZ","POLI",2010,2.317
"SWE","POLI",2010,1.5
"CHE","POLI",2010,2.082
"SYR","POLI",2010,3.5
"TWN","POLI",2010,2.5
"TJK","POLI",2010,2.5
"TZA","POLI",2010,2.5
"THA","POLI",2010,2.605
"TLS","POLI",2010,1.5
"TGO","POLI",2010,1.5
"TTO","POLI",2010,3.5
"TUN","POLI",2010,2.5
"TUR","POLI",2010,3.312
"TKM","POLI",2010,3.5
"UGA","POLI",2010,1.6
"UKR","POLI",2010,2.866
"ARE","POLI",2010,3.5
"GBR","POLI",2010,2.384
"USA","POLI",2010,2.137
"URY","POLI",2010,3.5
"UZB","POLI",2010,3.5
"VEN","POLI",2010,1.5
"VNM","POLI",2010,3.5
"YEM","POLI",2010,2.5
"ZMB","POLI",2010,1.5
"ZWE","POLI",2010,1.5
"AFG","POLI",2009,2.5
"ALB","POLI",2009,2.523
"DZA","POLI",2009,4.5
"AGO","POLI",2009,2.5
"ARG","POLI",2009,2.5
"ARM","POLI",2009,2.5
"AUS","POLI",2009,2.243
"AUT","POLI",2009,1.5
"AZE","POLI",2009,1.685
"BHR","POLI",2009,5
"BGD","POLI",2009,1.5
"BLR","POLI",2009,2.627
"BEL","POLI",2009,2.797
"BEN","POLI",2009,3.5
"BTN","POLI",2009,1.5
"BOL","POLI",2009,2.5
"BIH","POLI",2009,2.4
"BWA","POLI",2009,3.5
"BRA","POLI",2009,3.5
"BGR","POLI",2009,3.226
"BFA","POLI",2009,3.5
"BDI","POLI",2009,2.5
"KHM","POLI",2009,1.5
"CMR","POLI",2009,2.5
"CAN","POLI",2009,1.981
"CAF","POLI",2009,1.5
"TCD","POLI",2009,1.5
"CHL","POLI",2009,1.5
"CHN","POLI",2009,2.5
"COL","POLI",2009,2.5
"COG","POLI",2009,2.5
"CRI","POLI",2009,2.376
"CIV","POLI",2009,2.5
"HRV","POLI",2009,3.241
"CUB","POLI",2009,4.5
"CYP","POLI",2009,4.108
"CZE","POLI",2009,3.103
"COD","POLI",2009,1.5
"DNK","POLI",2009,1.972
"DJI","POLI",2009,4.5
"DOM","POLI",2009,2.517
"ECU","POLI",2009,2.463
"EGY","POLI",2009,4.5
"SLV","POLI",2009,2.376
"GNQ","POLI",2009,2.5
"ERI","POLI",2009,3.5
"EST","POLI",2009,2.2
"ETH","POLI",2009,1.5
"FIN","POLI",2009,1.772
"FRA","POLI",2009,2.5
"GAB","POLI",2009,3.5
"GMB","POLI",2009,2.5
"GEO","POLI",2009,2.582
"DEU","POLI",2009,2.505
"GHA","POLI",2009,2.5
"GRC","POLI",2009,2.78
"GTM","POLI",2009,2.5
"GIN","POLI",2009,1.286
"GNB","POLI",2009,1.5
"GUY","POLI",2009,3.5
"HTI","POLI",2009,2.5
"HND","POLI",2009,2.5
"HUN","POLI",2009,2.5
"ISL","POLI",2009,2.298
"IND","POLI",2009,1.613
"IDN","POLI",2009,1.5
"IRN","POLI",2009,3.5
"IRQ","POLI",2009,3.5
"IRL","POLI",2009,2.517
"ISR","POLI",2009,2.868
"ITA","POLI",2009,3.75
"JAM","POLI",2009,2.5
"JPN","POLI",2009,1.5
"JOR","POLI",2009,2.5
"KAZ","POLI",2009,3.24
"KEN","POLI",2009,1.581
"KSV","POLI",2009,2.5
"KWT","POLI",2009,5
"KGZ","POLI",2009,2.5
"LAO","POLI",2009,2.5
"LVA","POLI",2009,2.983
"LBN","POLI",2009,3.871
"LSO","POLI",2009,1.817
"LBR","POLI",2009,3.5
"LBY","POLI",2009,2.5
"LTU","POLI",2009,2.659
"MKD","POLI",2009,3.4
"MDG","POLI",2009,1.5
"MWI","POLI",2009,1.5
"MYS","POLI",2009,2.5
"MLI","POLI",2009,4.5
"MRT","POLI",2009,5
"MUS","POLI",2009,5
"MEX","POLI",2009,2.5
"MDA","POLI",2009,2.213
"MNG","POLI",2009,2.386
"MNE","POLI",2009,5
"MAR","POLI",2009,1.766
"MOZ","POLI",2009,2.5
"MMR","POLI",2009,1.5
"NAM","POLI",2009,3.5
"NPL","POLI",2009,2.01
"NLD","POLI",2009,2.078
"NZL","POLI",2009,1.5
"NIC","POLI",2009,3.5
"NER","POLI",2009,2.5
"NGA","POLI",2009,2.5
"PRK","POLI",2009,5
"NOR","POLI",2009,2.5
"OMN","POLI",2009,3.5
"PAK","POLI",2009,2.5
"PAN","POLI",2009,3.5
"PNG","POLI",2009,1.5
"PRY","POLI",2009,2.657
"PER","POLI",2009,2.615
"PHL","POLI",2009,1.679
"POL","POLI",2009,2.321
"PRT","POLI",2009,3.313
"QAT","POLI",2009,3.177
"ROU","POLI",2009,2.178
"RUS","POLI",2009,4.5
"RWA","POLI",2009,3.5
"SAU","POLI",2009,3.5
"SEN","POLI",2009,2.5
"SRB","POLI",2009,3.2
"SLE","POLI",2009,1.873
"SGP","POLI",2009,2.982
"SVK","POLI",2009,2.863
"SVN","POLI",2009,2.93
"SOM","POLI",2009,1.5
"ZAF","POLI",2009,2.5
"KOR","POLI",2009,1.5
"SSD","POLI",2009,2.5
"ESP","POLI",2009,2.855
"LKA","POLI",2009,2.652
"SDN","POLI",2009,4.5
"SWZ","POLI",2009,2.317
"SWE","POLI",2009,1.5
"CHE","POLI",2009,2.082
"SYR","POLI",2009,3.5
"TWN","POLI",2009,2.5
"TJK","POLI",2009,2.5
"TZA","POLI",2009,2.5
"THA","POLI",2009,2.605
"TLS","POLI",2009,1.5
"TGO","POLI",2009,1.5
"TTO","POLI",2009,3.5
"TUN","POLI",2009,2.5
"TUR","POLI",2009,3.312
"TKM","POLI",2009,3.5
"UGA","POLI",2009,1.6
"UKR","POLI",2009,2.866
"ARE","POLI",2009,3.5
"GBR","POLI",2009,2.384
"USA","POLI",2009,2.137
"URY","POLI",2009,3.5
"UZB","POLI",2009,3.5
"VEN","POLI",2009,1.5
"VNM","POLI",2009,3.5
"YEM","POLI",2009,2.5
"ZMB","POLI",2009,1.5
"ZWE","POLI",2009,1.5
"AFG","POLI",2008,2.5
"ALB","POLI",2008,2.903
"DZA","POLI",2008,4.5
"AGO","POLI",2008,2.5
"ARG","POLI",2008,2.5
"ARM","POLI",2008,2.5
"AUS","POLI",2008,2.15
"AUT","POLI",2008,2.529
"AZE","POLI",2008,3.011
"BHR","POLI",2008,5
"BGD","POLI",2008,1.5
"BLR","POLI",2008,2.618
"BEL","POLI",2008,2.787
"BEN","POLI",2008,3.5
"BTN","POLI",2008,1.5
"BOL","POLI",2008,2.099
"BIH","POLI",2008,3.25
"BWA","POLI",2008,3.25
"BRA","POLI",2008,3.25
"BGR","POLI",2008,3.25
"BFA","POLI",2008,3.25
"BDI","POLI",2008,2.5
"KHM","POLI",2008,1.5
"CMR","POLI",2008,2.5
"CAN","POLI",2008,1.957
"CAF","POLI",2008,1.5
"TCD","POLI",2008,2.5
"CHL","POLI",2008,1.959
"CHN","POLI",2008,2.5
"COL","POLI",2008,2.5
"COG","POLI",2008,2.5
"CRI","POLI",2008,2.284
"CIV","POLI",2008,1.5
"HRV","POLI",2008,3.149
"CUB","POLI",2008,4.5
"CYP","POLI",2008,4.046
"CZE","POLI",2008,3.304
"COD","POLI",2008,1.5
"DNK","POLI",2008,1.974
"DJI","POLI",2008,4.5
"DOM","POLI",2008,3.25
"ECU","POLI",2008,2.344
"EGY","POLI",2008,4.5
"SLV","POLI",2008,2.258
"GNQ","POLI",2008,2.5
"ERI","POLI",2008,3.5
"EST","POLI",2008,2.305
"ETH","POLI",2008,1.5
"FIN","POLI",2008,1.795
"FRA","POLI",2008,2.5
"GAB","POLI",2008,3.25
"GMB","POLI",2008,2.5
"GEO","POLI",2008,2.582
"DEU","POLI",2008,2.516
"GHA","POLI",2008,2.5
"GRC","POLI",2008,2.5
"GTM","POLI",2008,2.5
"GIN","POLI",2008,1.286
"GNB","POLI",2008,1.5
"GUY","POLI",2008,3.5
"HTI","POLI",2008,2.5
"HND","POLI",2008,2.5
"HUN","POLI",2008,2.539
"ISL","POLI",2008,2.378
"IND","POLI",2008,1.5
"IDN","POLI",2008,1.5
"IRN","POLI",2008,3.25
"IRQ","POLI",2008,3.25
"IRL","POLI",2008,2.552
"ISR","POLI",2008,3.5
"ITA","POLI",2008,3.813
"JAM","POLI",2008,2.5
"JPN","POLI",2008,1.911
"JOR","POLI",2008,2.5
"KAZ","POLI",2008,3.25
"KEN","POLI",2008,2.5
"KSV","POLI",2008,2.5
"KWT","POLI",2008,5
"KGZ","POLI",2008,2.5
"LAO","POLI",2008,2.5
"LVA","POLI",2008,2.998
"LBN","POLI",2008,3.25
"LSO","POLI",2008,1.817
"LBR","POLI",2008,3.5
"LBY","POLI",2008,2.5
"LTU","POLI",2008,2.662
"MKD","POLI",2008,3.25
"MDG","POLI",2008,1.5
"MWI","POLI",2008,1.5
"MYS","POLI",2008,2.5
"MLI","POLI",2008,5
"MRT","POLI",2008,5
"MUS","POLI",2008,5
"MEX","POLI",2008,2.5
"MDA","POLI",2008,2.446
"MNG","POLI",2008,2.368
"MNE","POLI",2008,5
"MAR","POLI",2008,1.708
"MOZ","POLI",2008,2.5
"MMR","POLI",2008,3.5
"NAM","POLI",2008,3.25
"NPL","POLI",2008,2.01
"NLD","POLI",2008,2.133
"NZL","POLI",2008,1.91
"NIC","POLI",2008,3.25
"NER","POLI",2008,2.5
"NGA","POLI",2008,2.5
"PRK","POLI",2008,5
"NOR","POLI",2008,2.5
"OMN","POLI",2008,3.25
"PAK","POLI",2008,2.5
"PAN","POLI",2008,3.594
"PNG","POLI",2008,1.5
"PRY","POLI",2008,2.5
"PER","POLI",2008,2.659
"PHL","POLI",2008,1.75
"POL","POLI",2008,2.305
"PRT","POLI",2008,3.346
"QAT","POLI",2008,2.5
"ROU","POLI",2008,2.043
"RUS","POLI",2008,4.5
"RWA","POLI",2008,3.25
"SAU","POLI",2008,3.25
"SEN","POLI",2008,2.5
"SRB","POLI",2008,3.25
"SLE","POLI",2008,1.873
"SGP","POLI",2008,2.5
"SVK","POLI",2008,2.963
"SVN","POLI",2008,3.5
"SOM","POLI",2008,1.5
"ZAF","POLI",2008,2.12
"KOR","POLI",2008,1.978
"SSD","POLI",2008,2.5
"ESP","POLI",2008,2.5
"LKA","POLI",2008,2.583
"SDN","POLI",2008,4.5
"SWZ","POLI",2008,2.317
"SWE","POLI",2008,1.945
"CHE","POLI",2008,2.073
"SYR","POLI",2008,3.5
"TWN","POLI",2008,2.5
"TJK","POLI",2008,2.5
"TZA","POLI",2008,2.5
"THA","POLI",2008,2.5
"TLS","POLI",2008,1.5
"TGO","POLI",2008,1.5
"TTO","POLI",2008,3.25
"TUN","POLI",2008,2.5
"TUR","POLI",2008,3.156
"TKM","POLI",2008,3.25
"UGA","POLI",2008,1.5
"UKR","POLI",2008,2.33
"ARE","POLI",2008,3.25
"GBR","POLI",2008,2.317
"USA","POLI",2008,2.632
"URY","POLI",2008,3.487
"UZB","POLI",2008,3.25
"VEN","POLI",2008,1.079
"VNM","POLI",2008,3.25
"YEM","POLI",2008,2.5
"ZMB","POLI",2008,1.5
"ZWE","POLI",2008,1.913
