HDI Rank,Country,1991,,1995,,2000,,2005,,2010,,2011,,2012,,2013,,2014,,2015,,2016,,2017,,2018,,2019
169, Afghanistan,9.7,,9.2,,8.5,,8.6,,8.8,,9,,9.3,,9.8,,10.3,,10.8,,11.5,,12.2,,12.5,,12.6
69, Albania,33.6,,34.7,,31.7,,32.3,,33.7,,35.3,,34.5,,35.7,,36.2,,36.9,,38,,39.1,,39.2,,39.2
91, Algeria,15.5,,15.1,,15.1,,16.2,,16.6,,17.8,,19,,19.3,,18.6,,18.4,,17.5,,17.1,,16.9,,16.9
148, Angola,41.9,,42.1,,43.2,,43.6,,42.7,,42.8,,42.3,,42.4,,42.6,,42.9,,43.3,,43.5,,43.8,,44.2
46, Argentina,39.8,,39.6,,41.6,,41.1,,41.1,,41,,41,,41,,40.9,,41.2,,41.5,,41.8,,42.4,,42.4
81, Armenia,38.8,,39.4,,40.6,,41.1,,38.2,,41.3,,41.7,,40,,41.9,,42.9,,43.9,,44,,44.1,,43.9
8, Australia,42.4,,43.5,,44.4,,45.1,,45.5,,45.6,,45.8,,46,,46.1,,46.3,,46.6,,46.7,,46.9,,46.9
18, Austria,40.6,,42.6,,43.4,,45.1,,46.3,,46.5,,46.8,,46.8,,47,,47,,47.1,,47,,46.7,,46.7
88, Azerbaijan,40.1,,41.9,,42.1,,49.1,,43.1,,43.7,,43.6,,43.4,,43.9,,44.2,,43.9,,43.8,,44,,44.1
58, Bahamas,47.9,,47.6,,48.8,,49,,48.6,,48.2,,48.8,,48.6,,48.1,,48,,47.5,,47.6,,48.5,,48.2
42, Bahrain,17.5,,18.9,,20.9,,20.8,,20.7,,20.7,,20.9,,21.2,,21.4,,21.4,,21.1,,20.7,,20.3,,19.8
133, Bangladesh,6.3,,9.4,,13.6,,13.8,,16.7,,16.7,,16.8,,16.8,,17.1,,17.4,,17.8,,19.9,,20.3,,20.7
58, Barbados,46.1,,46.4,,47.7,,48.2,,49.9,,48.9,,49,,49.8,,50.2,,50.6,,49.7,,49.8,,49.8,,49.7
53, Belarus,51.1,,52.5,,52.4,,52.3,,52.1,,52.1,,52.2,,52.1,,52.2,,52.2,,52.3,,52.3,,51.7,,51.6
14, Belgium,38.5,,40.3,,42.5,,43.7,,45.2,,45.4,,45.6,,46,,46.5,,46.6,,46.3,,46.1,,46.6,,46.6
110, Belize,35.1,,36.7,,38.4,,40,,41.5,,41.6,,41.8,,41.9,,41.4,,42.7,,43.4,,42.7,,42.8,,43
158, Benin,47.6,,48.9,,51.8,,54.3,,56.2,,55.5,,55.5,,55.5,,55.5,,55.6,,55.8,,55.8,,55.8,,55.8
129, Bhutan,29,,29.3,,31.1,,31.8,,36.4,,33.7,,36,,31.7,,30.4,,32.7,,32.5,,32.6,,32.8,,32.9
107, Bolivia (Plurinational State of),40.3,,40.9,,43,,42.5,,42.5,,42.4,,42,,42.2,,42.1,,40.1,,42.2,,42.7,,44.1,,44.1
73, Bosnia and Herzegovina,34.8,,35.1,,35,,34.1,,35.6,,36.8,,36.2,,37.8,,37.5,,38,,36.8,,38.3,,38.1,,37.9
100, Botswana,43.8,,44.6,,45.7,,48.9,,47.4,,47.8,,48.4,,48.9,,49.3,,49.6,,49.6,,49.7,,49.6,,49.6
84, Brazil,37.6,,40.9,,41.8,,43.8,,43.7,,43.4,,44,,44,,44.1,,44.4,,44.5,,44.9,,45,,45
47, Brunei Darussalam,32.5,,35.3,,40.1,,40.5,,41,,41,,41.1,,41.3,,41.6,,41.8,,42.2,,42.7,,42.7,,42.8
56, Bulgaria,49.7,,49.3,,47.5,,47.2,,47.4,,48.1,,48.5,,48.4,,48.3,,48.2,,47.9,,47.8,,47.6,,47.5
182, Burkina Faso,61.3,,60.4,,58.1,,54.8,,51.2,,50.5,,49.9,,49.2,,48.6,,48.4,,48.3,,48.2,,48.1,,47.9
185, Burundi,21.5,,22,,21.9,,23.1,,24.3,,24.5,,24.7,,25.1,,25.2,,25.4,,25.5,,25.8,,26,,26.2
126, Cabo Verde,43.5,,43.3,,43.9,,44.2,,43,,43.4,,44,,44.5,,45,,45.5,,45.9,,46.3,,47,,47.1
144, Cambodia,44.8,,45.2,,48.8,,48.4,,49.8,,49.5,,48.3,,47.3,,47.3,,46.4,,46.2,,46.7,,46.8,,46.8
153, Cameroon,42.9,,43.4,,43.8,,41.3,,40.2,,40.5,,40.9,,41.2,,41.6,,42,,42.4,,42.7,,42.9,,43.1
16, Canada,45.2,,45.6,,46.2,,46.9,,47.9,,47.7,,47.8,,47.9,,47.8,,47.7,,47.8,,47.8,,47.8,,47.8
188, Central African Republic,32.9,,33.4,,34.5,,35.6,,36.3,,36.5,,36.6,,36.1,,36,,36.3,,36.7,,37.1,,37.5,,37.7
187, Chad,37.9,,39.1,,41.1,,42.6,,44.6,,45,,45.3,,46.2,,46.6,,47.2,,47.8,,48.2,,48.5,,48.9
43, Chile,36.5,,37.1,,38.1,,39,,41.6,,42.2,,42.4,,42.8,,43.4,,43.2,,43.4,,43.4,,43.7,,43.8
85, China,50.5,,49.9,,49.2,,47.9,,46.6,,46.5,,46.4,,46.3,,46.3,,46.2,,46.1,,45.9,,45.8,,45.6
83, Colombia,45.7,,47,,46.6,,46.2,,46.5,,46.4,,46.5,,46.7,,46.5,,46.5,,46.4,,46.3,,46.1,,45.9
156, Comoros,29.7,,30,,31.5,,33.2,,35,,35.3,,35.5,,35.9,,36.1,,36.4,,36.6,,36.9,,37.3,,37.5
149, Congo,47.1,,47.4,,47.7,,47.8,,47.7,,48,,48.1,,48.1,,48.1,,48.2,,48.6,,48.8,,49,,49.1
175, Congo (Democratic Republic of the),36,,35.6,,35.5,,36,,36.4,,36.4,,36.5,,36.8,,37.1,,37.4,,37.8,,38,,38.4,,38.6
62, Costa Rica,33.4,,35,,36.9,,39.2,,39.9,,39.9,,42,,41.9,,41.5,,41.9,,40.5,,40.6,,41.2,,41.1
43, Croatia,41.6,,42.2,,43.6,,43.9,,45,,44.6,,45.4,,46.7,,46.7,,47,,47,,46.7,,46.6,,46.3
70, Cuba,39.8,,39.1,,40.5,,42,,43.3,,43.9,,44,,43.8,,43.7,,43.8,,43.7,,43.5,,43.3,,43.2
33, Cyprus,37.7,,39,,40,,41.9,,45.9,,46.1,,46,,46.2,,47.7,,47.4,,46.9,,46.8,,46.4,,46.2
27, Czechia,45.2,,44.5,,44.3,,43.8,,43.2,,43.5,,43.7,,43.8,,43.8,,44.3,,44.6,,44.7,,44.9,,45
162, CÃ´te d'Ivoire,34.4,,35.3,,36.9,,39.6,,42.3,,43.2,,43.3,,43.2,,44.3,,45.5,,46.7,,47.7,,47.7,,47.8
10, Denmark,47.4,,45.3,,47.1,,47.3,,48.4,,48.1,,48.1,,48.2,,47.9,,47.6,,47.9,,47.9,,47.9,,47.8
166, Djibouti,34.4,,35.6,,37.2,,39.2,,39.7,,39.7,,40,,40.1,,40.3,,40.5,,40.5,,40.8,,41,,41
88, Dominican Republic,35.4,,36.8,,37.6,,38.1,,40.1,,40.9,,41,,40.8,,41,,41.4,,41.5,,42.3,,42.7,,42.6
86, Ecuador,38.9,,39.5,,40.3,,41.2,,42,,41.8,,42.5,,41.6,,40.5,,41.1,,42.2,,42.4,,42,,42.1
116, Egypt,15.1,,17,,15.8,,14.2,,15.6,,15.8,,16.9,,16.2,,16.3,,16.3,,17.2,,17.2,,17.3,,17.4
124, El Salvador,45.8,,47.8,,50.2,,49.2,,50.2,,50,,50.7,,50.8,,50.4,,49.4,,50.1,,49.6,,48.7,,48.7
145, Equatorial Guinea,44.6,,43.3,,40.2,,36.1,,35,,34.8,,34.3,,34.7,,34.7,,35.1,,35.6,,36.1,,36.3,,36.6
180, Eritrea,35.8,,35.7,,36.7,,39.7,,40,,39.8,,39.8,,39.8,,39.8,,39.8,,40.1,,40.2,,40.3,,40.6
29, Estonia,50.3,,49.5,,50.5,,51.3,,51.7,,50.7,,50.5,,50.3,,49.5,,49.5,,49.7,,49.3,,49.1,,49
138, Eswatini (Kingdom of),44.9,,44.9,,45.5,,46.9,,48.4,,48.7,,48.6,,48.6,,48.7,,48.5,,48.4,,48.4,,48.3,,48
173, Ethiopia,60.5,,60.9,,60.4,,55.4,,56,,56.3,,56.9,,57.4,,57.3,,57.2,,57,,57,,57.2,,57.2
93, Fiji,32.1,,32,,31.3,,30.2,,35.3,,36.4,,35.7,,35.1,,34.5,,33.7,,33.1,,33.1,,33.2,,33.5
11, Finland,49.1,,49.2,,48.3,,49,,49.3,,49.1,,49.3,,49.5,,49.6,,49.6,,49.1,,48.9,,48.9,,49
26, France,43,,44.4,,45.2,,46.9,,47.7,,47.7,,47.9,,48.3,,48.4,,48.5,,48.6,,48.3,,48.5,,48.6
119, Gabon,26.6,,26.5,,26.1,,26.3,,26,,26.2,,26.3,,26.5,,26.7,,27,,27.1,,27.4,,27.6,,27.8
172, Gambia,30.8,,30.9,,33,,35.2,,37.1,,37.2,,37.5,,37.8,,37.9,,38.2,,38.4,,38.6,,38.9,,39.1
61, Georgia,46.4,,47.7,,41.2,,44.3,,45.3,,43.6,,42.7,,43.9,,44.1,,44.3,,45.5,,43.5,,43.7,,43.9
6, Germany,41.5,,42.2,,43.8,,45.1,,46,,46.2,,46.2,,46.4,,46.5,,46.7,,46.7,,46.8,,46.7,,46.7
138, Ghana,53.2,,53.5,,54,,52.7,,51.2,,50.6,,50.4,,50.1,,51.2,,52,,51.6,,51.3,,51.4,,51.2
32, Greece,30.8,,32.8,,35.2,,37.4,,40.5,,40.6,,41,,41,,41.6,,42,,41.9,,41.7,,41.3,,41.6
127, Guatemala,43.1,,44.5,,46.7,,45.5,,44.5,,44.2,,46.6,,44.8,,44.2,,43.2,,43.2,,43.1,,43.1,,43.1
178, Guinea,44.8,,45.4,,46.7,,48.1,,50.1,,50.4,,50.8,,51.2,,51.5,,52,,52.1,,52.4,,52.7,,52.7
175, Guinea-Bissau,37.7,,38.4,,38.9,,40.5,,41.9,,42.1,,42.4,,42.4,,42.5,,43.1,,43.3,,43.6,,43.9,,44
122, Guyana,37,,37.7,,35.6,,36.5,,39,,39.4,,39.7,,40,,40.3,,40.6,,40.9,,41.3,,41.4,,41.4
170, Haiti,55.4,,56.7,,57.8,,57.6,,56.7,,56.4,,56.2,,56.2,,56.2,,56,,55.9,,55.8,,55.7,,55.8
132, Honduras,51.1,,51.9,,49.8,,46.2,,48,,46.8,,46.8,,47.6,,45.5,,46.3,,45.6,,46.8,,48.4,,48.5
4," Hong Kong, China (SAR)",37.7,,38.6,,42,,45.3,,47.1,,47.7,,48,,48.3,,48.6,,48.7,,49,,49.3,,49.4,,49.7
40, Hungary,48.2,,45.9,,46.5,,46.5,,47.5,,47.1,,47.5,,46.9,,46.7,,46.8,,46.7,,46.4,,46.3,,46.5
4, Iceland,47.9,,49.5,,49.2,,48.7,,49.1,,49.3,,49.4,,48.7,,48.6,,48.7,,47.9,,48.1,,48.7,,48.5
131, India,16.4,,16.4,,16.3,,17.4,,15.6,,15.9,,16,,15.9,,15.9,,15.8,,15.8,,15.8,,15.9,,15.9
107, Indonesia,35.7,,37.4,,36.9,,34.7,,38.3,,38.1,,38.4,,38.5,,38.5,,38.3,,39.5,,40,,40.5,,40.5
70, Iran (Islamic Republic of),9.8,,12,,14.2,,16.5,,14.9,,14.5,,14.3,,13.9,,13.7,,14.7,,16.2,,17.2,,17.3,,17.3
123, Iraq,10.3,,10.6,,11.7,,14,,14.1,,13.8,,13.4,,13.5,,13.6,,14,,14.4,,10.5,,10.6,,10.8
2, Ireland,38.7,,41.4,,43.2,,44.5,,48.3,,48.6,,48.7,,48.1,,47.6,,47.5,,47.7,,47.6,,47.4,,47.5
19, Israel,39.3,,42.2,,45.2,,46.2,,47,,46.7,,46.9,,47,,47.3,,47.1,,47.3,,47.3,,47.7,,47.6
29, Italy,34.1,,35.1,,37.2,,39.5,,41.1,,41.4,,42,,42.3,,42.4,,42.3,,42.4,,42.6,,42.6,,42.7
101, Jamaica,49.6,,49.7,,46.5,,47,,47.7,,47.7,,48.2,,48,,48.3,,48.1,,47.7,,48.1,,48.4,,48.5
19, Japan,40.1,,39.9,,40.3,,41.1,,42,,42,,42.2,,42.7,,42.8,,43.1,,43.4,,43.8,,44.3,,44.3
102, Jordan,10.8,,11.2,,13.3,,12.8,,16.3,,16.8,,16.9,,15.9,,16.1,,16,,16.2,,16.4,,16.5,,16.6
51, Kazakhstan,48.7,,48.5,,49.2,,48.9,,49,,48.6,,48.6,,49.1,,48.9,,48.8,,48.8,,48.6,,48.7,,48.6
143, Kenya,39.6,,40.5,,40.4,,38.5,,39.5,,39.8,,40.2,,40.5,,40.8,,41.1,,41.4,,41.8,,42.2,,42.4
.., Korea (Democratic People's Rep. of),36.4,,36,,36.4,,36.9,,37.6,,37.9,,38,,38.2,,38.3,,38.5,,38.7,,38.9,,39,,39.1
23, Korea (Republic of),38.4,,38.7,,40,,40.6,,41,,41,,41.1,,41.2,,41.4,,41.6,,41.8,,42.1,,42.3,,42.3
64, Kuwait,24.6,,24,,25.2,,24.1,,27.3,,27.3,,27.2,,27.2,,27.2,,27,,26.2,,25.9,,25.2,,24.7
120, Kyrgyzstan,41.3,,44.4,,42,,42.9,,41.5,,41.5,,41.2,,39.1,,39,,38.8,,39.1,,38.8,,38.8,,38.4
137, Lao People's Democratic Republic,35.4,,36.6,,40.4,,44,,46.5,,46.5,,46.5,,46.5,,46.4,,46.3,,46.4,,46.4,,46.5,,46.6
37, Latvia,49.8,,50.1,,49.6,,50.8,,53.9,,53.2,,52.5,,52.1,,51.8,,51.8,,52.2,,51.9,,52.1,,52
92, Lebanon,21.6,,22.7,,22.9,,21,,22.5,,22.6,,22.7,,22.7,,22.8,,22.8,,22.9,,23.1,,23.2,,23.3
165, Lesotho,50.2,,45.7,,48,,47.8,,46.4,,46.1,,45.8,,45.6,,45.5,,45.6,,45.6,,45.9,,45.8,,45.7
175, Liberia,43,,43.7,,45.4,,45.7,,46.7,,47,,47.2,,47.4,,47.7,,48,,48.7,,48.9,,49.2,,49.2
105, Libya,21.7,,23.8,,26.2,,27.9,,29.2,,29.8,,29.3,,29.8,,29.9,,30,,30.1,,30,,30.1,,30.3
34, Lithuania,48.9,,49.1,,53.4,,50.6,,54,,53,,53.1,,52.2,,52.4,,52.4,,52.5,,52.5,,52,,51.5
23, Luxembourg,35.6,,35.7,,39.8,,42,,43.3,,43.5,,44.1,,44.1,,44.5,,44.9,,45,,46.1,,46,,45.9
164, Madagascar,44.4,,44.6,,44.9,,47.2,,52,,53.2,,54,,53.8,,53.6,,53.5,,53.6,,53.8,,54,,54
174, Malawi,45.7,,45.6,,46.6,,46.9,,47,,47,,47,,47,,47.4,,47.6,,47.9,,48.2,,48.5,,48.5
62, Malaysia,36.6,,36.9,,37.5,,36.9,,37,,37.3,,37.8,,39.1,,39.3,,39.9,,40,,39.9,,39.9,,39.9
95, Maldives,24.8,,31.7,,38.3,,36.7,,34.2,,33,,31.8,,30.4,,29.2,,27.2,,25.4,,24,,22.5,,21.7
184, Mali,42.8,,42.6,,42.5,,42,,41.9,,42.6,,43.1,,43.2,,43.7,,43.6,,45.3,,44,,42.8,,43.1
28, Malta,29.2,,29.6,,30.8,,31,,34.7,,35.2,,37.1,,38.3,,39.2,,39.2,,39.6,,40.2,,41.1,,41
157, Mauritania,26.3,,26.7,,27.6,,28.1,,29.3,,29.6,,29.8,,29.9,,30.1,,30.5,,30.8,,31,,31.2,,31.3
66, Mauritius,31.8,,32.2,,34,,33.3,,35.8,,36.1,,36.2,,37.3,,37.5,,38.2,,37.8,,38,,38.4,,38.5
74, Mexico,35.9,,37.7,,37.7,,39.5,,41.1,,41.3,,41.7,,41.9,,41.5,,41.6,,41.6,,41.3,,41.6,,41.6
90, Moldova (Republic of),51.2,,53.7,,53.8,,51.7,,51.6,,51.5,,51.9,,51.7,,51.9,,52.9,,52.4,,52.4,,52.4,,52.8
99, Mongolia,46.6,,46.8,,47.6,,48.5,,47,,46.1,,46.9,,46.6,,47,,46.7,,47.7,,47.6,,47.9,,47.8
48, Montenegro,40.9,,40.7,,41,,40.7,,43.8,,44.2,,44.7,,45.7,,45.1,,45.1,,45,,44.2,,44,,43.6
121, Morocco,17.8,,18.1,,19.3,,18.8,,17.1,,16.7,,16.8,,17.2,,17,,16.7,,16.6,,16.4,,16.7,,16.8
181, Mozambique,26.5,,27.2,,27.8,,29.3,,31,,31.3,,31.7,,32.2,,32.8,,33.5,,33.9,,34.2,,34.6,,34.8
147, Myanmar,48.4,,47.6,,47,,44.9,,43.4,,43.4,,43.3,,43.2,,43,,42.9,,43.8,,44.6,,44.5,,44.4
130, Namibia,43.1,,44.1,,46.8,,48.3,,48,,47.9,,47.7,,49.3,,47.6,,48.1,,48.4,,49.8,,51.1,,50.9
142, Nepal,26.3,,27.6,,30.1,,31.1,,32.8,,34,,35.3,,36.7,,38,,39.2,,39.8,,40.1,,40.3,,40.3
8, Netherlands,38.7,,41.2,,43.1,,44.4,,46,,46.2,,46.3,,46.3,,46,,46.2,,46.2,,46.4,,46.5,,46.5
14, New Zealand,45.4,,45.6,,46.7,,47.1,,47.7,,47.8,,48,,47.9,,48,,48.1,,48.3,,48.1,,48.5,,48.4
128, Nicaragua,42.1,,39.9,,42.3,,46.9,,49.3,,49.6,,49.9,,50.3,,50.1,,50.4,,50.7,,50.8,,50.5,,51.1
189, Niger,53.5,,52.9,,52.2,,51.8,,51.5,,51.4,,51.1,,50.7,,50.7,,50.7,,51,,51.1,,51.2,,51.3
161, Nigeria,49.9,,50.6,,51.4,,51.3,,52.3,,52.4,,52.7,,52.9,,52.1,,52,,52,,52.2,,52.4,,52.3
82, North Macedonia,35.5,,35.5,,36.6,,38.4,,38.7,,39.7,,39.5,,39.3,,39.2,,40.1,,39.7,,39.4,,40.1,,40
1, Norway,46.9,,47.2,,47.6,,48.1,,48.3,,48.3,,48.2,,48.1,,48,,47.8,,48,,47.9,,47.6,,47.5
60, Oman,14.7,,12.7,,16.9,,18.5,,15.7,,14.9,,14,,13.2,,12.8,,12.5,,12.3,,12.3,,12.2,,12
154, Pakistan,7.8,,7.3,,9.3,,10,,9.4,,9.4,,9.2,,9,,9.9,,10.1,,9.7,,10.2,,10.7,,11
115," Palestine, State of",10.6,,10.9,,11.8,,13.3,,15.3,,15.3,,14.9,,14.8,,15.7,,16.2,,15.6,,15,,15.6,,15.9
57, Panama,43.2,,41.2,,41.5,,41.5,,41,,40.6,,41,,41.2,,41.5,,42,,42.1,,41.6,,42.7,,42.7
155, Papua New Guinea,39.4,,39.5,,41.4,,43,,44.1,,44.9,,45.1,,45.5,,45.3,,45.3,,45.5,,45.8,,46.2,,46.3
103, Paraguay,44.1,,44,,43.6,,44,,41.7,,41.8,,42.5,,43.9,,41.8,,42.2,,42,,41.7,,42.8,,42.9
79, Peru,39.9,,41.9,,43.4,,46.2,,46.8,,47,,46.7,,46.6,,46.7,,46.4,,46.5,,46.8,,46.7,,46.7
107, Philippines,46.2,,46.5,,46.1,,45.6,,45.5,,45.7,,45.5,,45.4,,45.3,,45.4,,44.4,,43.3,,43.7,,43.6
35, Poland,44.4,,44.9,,45,,44.9,,45,,44.9,,45,,45,,45.2,,45.3,,45.2,,45.2,,45.2,,45.2
38, Portugal,41.8,,43.3,,44.1,,45.5,,47.8,,48.3,,49.3,,49.7,,49.7,,49.8,,49.8,,49.8,,50,,49.9
45, Qatar,16.1,,16.7,,16.3,,16.1,,11.6,,11.8,,12.2,,12.7,,13.2,,13.6,,13.6,,13.6,,13.7,,13.8
49, Romania,44,,41.7,,44.4,,44.7,,43.3,,43.5,,43.5,,43.5,,43.4,,43.4,,43.6,,44,,43.5,,43.3
52, Russian Federation,49.9,,49.8,,50,,50.5,,50.2,,50.1,,50,,49.6,,49.6,,49.4,,49.5,,49.5,,49.6,,49.6
160, Rwanda,25.4,,26.9,,27.6,,29.1,,30.1,,30.5,,31,,32.8,,35.2,,36.3,,37.1,,38.1,,38.7,,39.1
86, Saint Lucia,41.1,,41.9,,44,,45.4,,46.9,,47,,46.6,,46.9,,46.5,,46.1,,46.9,,47.1,,47.1,,47
97, Saint Vincent and the Grenadines,40.1,,41.3,,42.6,,43.8,,43.7,,43.6,,43.6,,43.7,,43.9,,43.9,,44.1,,44.2,,44.4,,44.5
111, Samoa,51.6,,50.9,,48.4,,49.1,,47.9,,47.6,,47,,46.9,,46.6,,46.3,,46.1,,45.9,,45.6,,45.4
135, Sao Tome and Principe,37.4,,38.4,,40.2,,37.6,,36.8,,37,,37.1,,36.9,,36.8,,36.8,,36.9,,37,,37.1,,37.1
40, Saudi Arabia,11.9,,12.8,,13.8,,13.8,,13.4,,13.9,,13.7,,13.5,,13.6,,14.3,,14.7,,14.3,,13.4,,13.4
168, Senegal,31.4,,32.4,,34.5,,35.4,,37.9,,38.6,,39.7,,40.8,,41.8,,42.8,,42.9,,43,,43.1,,43
64, Serbia,41.1,,41.3,,41.8,,40,,43.7,,43.9,,43.9,,43.4,,44.2,,44.8,,45.1,,45.3,,45.2,,45.2
182, Sierra Leone,43.4,,43.5,,44.5,,46.9,,50.5,,51.1,,51.3,,51.6,,52,,52.5,,52.7,,53.1,,53.4,,53.4
11, Singapore,37.8,,38.4,,38.8,,40.4,,40.3,,40.5,,40.7,,40.9,,41.3,,41.7,,41.8,,41.6,,41.8,,41.8
39, Slovakia,48.6,,45.8,,47.1,,45.3,,45.3,,45.2,,45,,45.4,,45.4,,45.4,,45.6,,46.1,,45.6,,45.6
22, Slovenia,47.2,,46.4,,45.9,,45.7,,45.8,,46,,45.9,,45.4,,45.4,,45.3,,46.6,,46.3,,46.2,,46.3
151, Solomon Islands,44.1,,43.7,,46,,47.7,,48.2,,47.8,,47.9,,48,,48.2,,48.3,,48.4,,48.5,,48.6,,48.7
.., Somalia,15.4,,14.9,,14.5,,14.8,,15.5,,15.6,,15.9,,16.2,,16.6,,16.9,,17.2,,17.5,,17.8,,18
114, South Africa,35,,36.6,,38.7,,39.7,,42.9,,43.3,,43.4,,44.2,,44.1,,44,,44.1,,44.5,,44.6,,44.6
185, South Sudan,26.6,,27,,27.5,,28.4,,29.1,,29.1,,28.8,,29.3,,29.6,,29.6,,29.6,,29.7,,29.9,,30.2
25, Spain,32.6,,34.7,,37.2,,40.8,,45,,45.6,,46.2,,46.5,,46.4,,46.2,,46.3,,46.3,,46.2,,46
72, Sri Lanka,30.5,,28.8,,28.2,,29.6,,29.4,,30.1,,30,,31.3,,31.2,,31.5,,31.8,,32,,32.3,,32.5
170, Sudan,15.6,,17.6,,18.2,,18.7,,17.8,,17.4,,17.5,,17.6,,17.9,,18.2,,18.5,,18.8,,19.4,,20
97, Suriname,32.5,,33.2,,32.2,,35,,36.9,,37.4,,37.8,,38,,37.7,,37.7,,37.3,,37.4,,37.5,,37.6
7, Sweden,48.6,,48.8,,48.7,,48.2,,47.7,,47.9,,48.1,,48.1,,48.2,,48.3,,48.3,,48.2,,48.1,,48.3
2, Switzerland,42.8,,43.1,,44.5,,45.9,,46,,46,,46.2,,46.5,,46.8,,46.7,,46.8,,46.6,,46.7,,46.9
151, Syrian Arab Republic,13.4,,11.4,,10,,11.8,,12.9,,13.2,,13.4,,13.7,,13.9,,14.2,,14.3,,14.5,,14.7,,14.6
125, Tajikistan,17.6,,18.7,,19.4,,20.2,,22.8,,23.4,,24,,24.6,,25.3,,26.1,,26.8,,26.9,,27,,27.3
163, Tanzania (United Republic of),39.4,,40.2,,41.5,,42.2,,43,,42.9,,43.2,,43.3,,43.6,,44,,44.2,,44.5,,44.8,,45
79, Thailand,44,,43.6,,47,,47.3,,47.5,,47.9,,47.7,,47.5,,47.1,,47.3,,47.5,,47.5,,47.6,,47.6
141, Timor-Leste,44.1,,43.6,,44.5,,44.4,,45.3,,45.3,,45.4,,45.9,,46.7,,46.4,,46.7,,47.3,,47.4,,47.5
167, Togo,50,,50.5,,51,,51.4,,50.9,,50.6,,50.8,,50.9,,51,,51.2,,51.3,,51.4,,51.6,,51.6
104, Tonga,50.7,,55.3,,52.9,,52.6,,51.4,,51.3,,51.1,,51.3,,51.1,,51.1,,50.6,,50.4,,50,,49.8
67, Trinidad and Tobago,37.1,,39.7,,39.8,,42.8,,42.2,,42.1,,42.9,,43.1,,43.4,,42.5,,43.3,,43.2,,43.2,,43.2
95, Tunisia,22.1,,22.6,,23.7,,24.7,,24.1,,23.9,,24.8,,25.9,,25.9,,25.5,,25.1,,25.1,,25,,25
54, Turkey,13.7,,15.3,,15.7,,18.8,,23.1,,23.6,,24.8,,25.6,,25.9,,26.8,,27.7,,28.2,,29,,28.9
111, Turkmenistan,43.4,,45,,45.4,,44.9,,43.4,,43,,42.8,,42.6,,42.5,,42.4,,42.4,,42.3,,42.2,,42.1
159, Uganda,33.3,,34.3,,35.3,,37.4,,40,,40.6,,41.1,,39.4,,39.7,,40,,40.2,,40.6,,41,,41.2
74, Ukraine,49.2,,49.7,,49.2,,48.4,,49.2,,48.8,,48.3,,48.5,,49.2,,49.1,,49.5,,49.5,,49.2,,49
31, United Arab Emirates,11.9,,12.6,,13,,12.2,,11.4,,12,,12.9,,13.9,,15,,15.9,,16.6,,16.8,,17,,17.2
13, United Kingdom,44.3,,45.5,,45.9,,46.2,,46.8,,46.7,,46.6,,46.7,,46.8,,46.8,,46.8,,47.1,,47.1,,47.2
17, United States,45,,45.6,,45.9,,46.1,,47,,46.7,,46.3,,46.4,,46.3,,46.2,,46.2,,46.4,,46.4,,46.3
55, Uruguay,41.3,,42.9,,44.1,,45.2,,46.5,,46.3,,46.2,,46.1,,46.5,,46.5,,46.7,,47,,46.9,,46.7
106, Uzbekistan,39.9,,40.9,,41.3,,41.4,,40.9,,40.8,,40.7,,40.6,,40.6,,40.6,,40.5,,40.6,,40.6,,40.6
140, Vanuatu,37.4,,37.7,,38.3,,40.9,,41.7,,42.1,,42.4,,42.7,,42.9,,43.6,,43.8,,43.8,,44.1,,44.2
113, Venezuela (Bolivarian Republic of),41,,41,,41.2,,41.9,,42.2,,42.1,,42.2,,42,,42,,42,,41.9,,41.7,,41.5,,41.9
117, Viet Nam,48,,47.7,,47,,45.8,,45.4,,45.3,,45.9,,46.2,,46.4,,46.6,,46.5,,46.8,,46.9,,46.9
179, Yemen,6.9,,6.5,,14.1,,14.5,,11.1,,9.4,,7.6,,6.1,,4.8,,5,,5,,5,,5.1,,5
146, Zambia,32,,34.5,,36.2,,35.3,,37.1,,38.5,,39.8,,40.5,,40.9,,41.4,,41.7,,42.1,,42.4,,42.8
150, Zimbabwe,33.8,,35.2,,36.4,,39.8,,41.5,,41.9,,42.5,,43.1,,43.9,,44.2,,44.4,,44.8,,45.2,,45.5
36, Andorra,..,,..,,..,,..,,..,,..,,..,,..,,..,,..,,..,,..,,..,,..
78, Antigua and Barbuda,..,,..,,..,,..,,..,,..,,..,,..,,..,,..,,..,,..,,..,,..
94, Dominica,..,,..,,..,,..,,..,,..,,..,,..,,..,,..,,..,,..,,..,,..
136, Micronesia (Federated States of),..,,..,,..,,..,,..,,..,,..,,..,,..,,..,,..,,..,,..,,..
74, Grenada,..,,..,,..,,..,,..,,..,,..,,..,,..,,..,,..,,..,,..,,..
134, Kiribati,..,,..,,..,,..,,..,,..,,..,,..,,..,,..,,..,,..,,..,,..
74, Saint Kitts and Nevis,..,,..,,..,,..,,..,,..,,..,,..,,..,,..,,..,,..,,..,,..
19, Liechtenstein,..,,..,,..,,..,,..,,..,,..,,..,,..,,..,,..,,..,,..,,..
117, Marshall Islands,..,,..,,..,,..,,..,,..,,..,,..,,..,,..,,..,,..,,..,,..
50, Palau,..,,..,,..,,..,,..,,..,,..,,..,,..,,..,,..,,..,,..,,..
67, Seychelles,..,,..,,..,,..,,..,,..,,..,,..,,..,,..,,..,,..,,..,,..
,Human Development,,,..,,..,,..,,..,,..,,..,,..,,..,,..,,..,,..,,..,,..
 ,Very high human development,42.3,,42.6,,43.1,,43.6,,44.1,,44,,44,,44.1,,44.1,,44.1,,44.2,,44.3,,44.3,,44.4
 ,High human development,43.2,,43.6,,43.5,,43.3,,43,,43,,43.1,,43,,43,,42.9,,43,,42.9,,42.8,,43.2
 ,Medium human development,20.3,,20.8,,21.3,,21.8,,21.7,,21.7,,21.7,,21.8,,22.1,,22.3,,22.5,,22.8,,22.8,,21
 ,Low human development,40.3,,40.1,,40.9,,40.7,,42,,42.3,,42.7,,43,,43.2,,43.3,,43.4,,43.5,,43.5,,45
 ,Developing Countries,36.8,,37.3,,37.2,,36.8,,36.8,,36.7,,36.8,,36.9,,36.9,,36.9,,36.9,,37,,36.8,,37.1
,Regions,,,..,,..,,..,,..,,..,,..,,..,,..,,..,,..,,..,,..,,..
 ,Arab States,14.8,,15.3,,15.8,,15.6,,15.5,,15.7,,16.1,,16,,16,,16.1,,16.2,,16.3,,16.3,,16.3
 ,East Asia and the Pacific,46.7,,46.4,,46.4,,45.8,,45.3,,45.2,,45.1,,45.1,,45,,44.9,,44.9,,44.8,,44.8,,44.9
 ,Europe and Central Asia,40.3,,40,,38.9,,39,,39.6,,39.4,,39.5,,39.7,,39.8,,40,,40.2,,40.2,,40,,40.4
 ,Latin America and the Caribbean,39.2,,40.6,,41.2,,42.3,,42.9,,42.9,,43.4,,43.4,,43.3,,43.4,,43.5,,43.6,,43.6,,44.1
 ,South Asia,14.7,,15.2,,15.7,,16.4,,16,,16,,15.9,,16,,16.3,,16.5,,16.7,,17.1,,17,,16.5
 ,Sub-Saharan Africa,42.8,,43.3,,44.2,,44.1,,45.7,,46,,46.3,,46.6,,46.7,,46.8,,46.8,,46.9,,46.9,,47.5
 ,Least Developed Countries,33.1,,33,,34.5,,33.2,,34.9,,35.1,,35.4,,35.5,,35.7,,35.9,,36.1,,36.5,,36.6,,37.7
 ,Small Island Developing States,40.3,,40.9,,41.8,,42.3,,43.1,,43.5,,43.5,,43.5,,43.7,,43.9,,43.9,,44.1,,44.1,,43.8
 ,Organization for Economic Co-operation and Development,41.3,,41.9,,42.5,,43.2,,44.2,,44.2,,44.3,,44.4,,44.4,,44.5,,44.6,,44.7,,44.7,,45
 ,World,39.3,,39.5,,39.6,,39.3,,39.3,,39.2,,39.2,,39.2,,39.2,,39.2,,39.3,,39.3,,39.2,,39.4