,,,,,, 2017, 2018, 2019, 2020, 2021, 2022, 2023, 2024, 2025, 2026, 2027, 2028, 2029, 2030, 2031, 2032, 2033, 2034, 2035, 2036, 2037, 2038, 2039, 2040
INCOMELT190LN[1],Afghanistan,,,Mil People,Base,          12.68,          13.42,          13.47,          14.96,          15.30,          15.41,          15.40,          15.71,          16.36,          16.88,          17.26,          17.51,          17.65,          17.70,          17.69,          17.62,          17.49,          17.31,          17.08,          16.76,          16.36,          15.96,          15.58,          15.20
INCOMELT190LN[1],Albania,,,Mil People,Base,          0.037,          0.032,          0.029,          0.035,          0.031,          0.028,          0.027,          0.027,          0.025,          0.023,          0.021,          0.019,          0.017,          0.016,          0.016,          0.015,          0.014,          0.014,          0.012,          0.011,          0.010,          0.009,          0.008,          0.007
INCOMELT190LN[1],Algeria,,,Mil People,Base,          0.136,          0.137,          0.122,          0.123,          0.116,          0.129,          0.172,          0.156,          0.203,          0.245,          0.274,          0.284,          0.274,          0.253,          0.230,          0.210,          0.195,          0.182,          0.170,          0.156,          0.140,          0.122,          0.105,          0.089
INCOMELT190LN[1],Angola,,,Mil People,Base,          13.61,          14.58,          15.56,          16.87,          17.88,          18.59,          19.50,          19.00,          19.74,          20.16,          20.50,          20.78,          21.04,          21.28,          21.53,          21.80,          22.10,          22.40,          22.64,          22.84,          22.99,          23.13,          23.25,          23.38
INCOMELT190LN[1],Argentina,,,Mil People,Base,          1.476,          1.553,          1.741,          2.110,          2.144,          2.166,          2.209,          1.880,          1.939,          1.958,          1.962,          1.946,          1.911,          1.859,          1.795,          1.723,          1.648,          1.574,          1.491,          1.418,          1.356,          1.303,          1.254,          1.207
INCOMELT190LN[1],Armenia,,,Mil People,Base,          0.026,          0.022,          0.018,          0.025,          0.022,          0.022,          0.021,          0.019,          0.017,          0.016,          0.014,          0.013,          0.013,          0.012,          0.011,          0.010,          0.009,          0.008,          0.007,          0.006,          0.005,          0.005,          0.004,          0.004
INCOMELT190LN[1],Australia,,,Mil People,Base,          0.123,          0.117,          0.112,          0.112,          0.105,          0.094,          0.089,          0.083,          0.080,          0.077,          0.072,          0.068,          0.063,          0.059,          0.054,          0.050,          0.045,          0.041,          0.038,          0.034,          0.032,          0.029,          0.026,          0.024
INCOMELT190LN[1],Austria,,,Mil People,Base,          0.028,          0.027,          0.025,          0.025,          0.027,          0.031,          0.032,          0.025,          0.022,          0.019,          0.016,          0.014,          0.013,          0.011,          0.010,          0.009,          0.007,          0.006,          0.006,          0.005,          0.004,          0.004,          0.003,          0.003
INCOMELT190LN[1],Azerbaijan,,,Mil People,Base,          0.001,          0.012,          0.010,          0.009,          0.007,          0.005,          0.005,          0.002,          0.002,          0.001,          0.001,          0.000,          0.000,          0.000,          0.000,          0.000,          0.000,          0.000,          0.000,          0.000,          0.000,          0.000,          0.000,          0.000
INCOMELT190LN[1],Bahamas,,,Mil People,Base,         0.0000,         0.0004,         0.0004,         0.0009,         0.0010,         0.0009,         0.0010,         0.0008,         0.0006,         0.0005,         0.0005,         0.0005,         0.0005,         0.0005,         0.0005,         0.0006,         0.0006,         0.0005,         0.0005,         0.0005,         0.0005,         0.0005,         0.0004,         0.0004
INCOMELT190LN[1],Bahrain,,,Mil People,Base,          0.000,          0.002,          0.002,          0.003,          0.003,          0.003,          0.005,          0.002,          0.001,          0.001,          0.001,          0.000,          0.000,          0.000,          0.000,          0.000,          0.000,          0.000,          0.000,          0.000,          0.000,          0.000,          0.000,          0.000
INCOMELT190LN[1],Bangladesh,,,Mil People,Base,          18.38,          15.74,          13.39,          13.44,          12.75,          11.55,          10.30,          10.05,          8.911,          7.930,          7.069,          6.320,          5.675,          5.105,          4.606,          4.173,          3.791,          3.439,          3.121,          2.821,          2.539,          2.278,          2.034,          1.806
INCOMELT190LN[1],Barbados,,,Mil People,Base,          0.015,          0.015,          0.014,          0.023,          0.020,          0.017,          0.015,          0.014,          0.013,          0.011,          0.011,          0.010,          0.009,          0.009,          0.008,          0.008,          0.007,          0.007,          0.007,          0.006,          0.006,          0.005,          0.005,          0.005
INCOMELT190LN[1],Belarus,,,Mil People,Base,          0.004,          0.011,          0.009,          0.008,          0.008,          0.007,          0.007,          0.005,          0.004,          0.004,          0.003,          0.002,          0.002,          0.001,          0.001,          0.001,          0.001,          0.000,          0.000,          0.000,          0.000,          0.000,          0.000,          0.000
INCOMELT190LN[1],Belgium,,,Mil People,Base,          0.015,          0.014,          0.013,          0.016,          0.019,          0.021,          0.020,          0.017,          0.014,          0.011,          0.009,          0.008,          0.007,          0.006,          0.005,          0.004,          0.004,          0.003,          0.003,          0.003,          0.003,          0.002,          0.002,          0.002
INCOMELT190LN[1],Belize,,,Mil People,Base,          0.051,          0.052,          0.052,          0.067,          0.068,          0.071,          0.074,          0.073,          0.072,          0.069,          0.067,          0.066,          0.066,          0.065,          0.064,          0.063,          0.061,          0.060,          0.059,          0.058,          0.057,          0.056,          0.054,          0.053
INCOMELT190LN[1],Benin,,,Mil People,Base,          5.340,          5.319,          5.318,          5.515,          5.597,          5.616,          5.649,          5.931,          5.965,          6.003,          6.029,          6.050,          6.071,          6.094,          6.112,          6.127,          6.143,          6.157,          6.166,          6.163,          6.145,          6.112,          6.061,          5.993
INCOMELT190LN[1],Bhutan,,,Mil People,Base,          0.012,          0.010,          0.008,          0.008,          0.008,          0.008,          0.009,          0.009,          0.008,          0.008,          0.008,          0.008,          0.007,          0.007,          0.006,          0.005,          0.005,          0.004,          0.004,          0.004,          0.003,          0.003,          0.003,          0.003
INCOMELT190LN[1],Bolivia,,,Mil People,Base,          0.646,          0.623,          0.595,          0.667,          0.665,          0.679,          0.677,          0.654,          0.615,          0.568,          0.521,          0.483,          0.455,          0.432,          0.411,          0.387,          0.358,          0.324,          0.288,          0.258,          0.233,          0.212,          0.193,          0.174
INCOMELT190LN[1],Bosnia and Herzegovina,,,Mil People,Base,          0.002,          0.004,          0.004,          0.007,          0.010,          0.014,          0.021,          0.024,          0.036,          0.052,          0.067,          0.071,          0.074,          0.076,          0.080,          0.072,          0.060,          0.051,          0.045,          0.040,          0.035,          0.031,          0.028,          0.025
INCOMELT190LN[1],Botswana,,,Mil People,Base,          0.308,          0.300,          0.294,          0.353,          0.340,          0.355,          0.367,          0.384,          0.376,          0.368,          0.352,          0.329,          0.304,          0.279,          0.259,          0.242,          0.227,          0.215,          0.204,          0.195,          0.188,          0.180,          0.172,          0.164
INCOMELT190LN[1],Brazil,,,Mil People,Base,          9.183,          9.044,          8.993,          9.069,          8.950,          8.789,          8.712,          8.207,          8.027,          7.743,          7.425,          7.089,          6.747,          6.406,          6.066,          5.733,          5.404,          5.083,          4.768,          4.458,          4.165,          3.896,          3.629,          3.380
INCOMELT190LN[1],Brunei Darussalam,,,Mil People,Base,         0.0000,         0.0004,         0.0003,         0.0003,         0.0002,         0.0002,         0.0002,         0.0001,         0.0001,         0.0001,         0.0000,         0.0000,         0.0000,         0.0000,         0.0000,         0.0000,         0.0000,         0.0000,         0.0000,         0.0000,         0.0000,         0.0000,         0.0000,         0.0000
INCOMELT190LN[1],Bulgaria,,,Mil People,Base,          0.097,          0.088,          0.077,          0.078,          0.076,          0.072,          0.067,          0.061,          0.056,          0.050,          0.045,          0.040,          0.036,          0.032,          0.029,          0.026,          0.024,          0.022,          0.021,          0.019,          0.018,          0.017,          0.016,          0.015
INCOMELT190LN[1],Burkina Faso,,,Mil People,Base,          7.370,          7.097,          6.965,          7.383,          7.315,          7.119,          7.013,          7.145,          6.984,          6.827,          6.678,          6.541,          6.412,          6.289,          6.162,          6.033,          5.902,          5.768,          5.626,          5.485,          5.347,          5.218,          5.094,          4.971
INCOMELT190LN[1],Burundi,,,Mil People,Base,          8.476,          8.807,          9.143,          9.552,          9.888,          10.12,          10.33,          10.52,          10.77,          11.01,          11.25,          11.46,          11.65,          11.81,          11.95,          12.10,          12.24,          12.40,          12.57,          12.73,          12.88,          13.01,          13.15,          13.31
INCOMELT190LN[1],Cabo Verde,,,Mil People,Base,          0.015,          0.014,          0.013,          0.021,          0.022,          0.024,          0.022,          0.021,          0.019,          0.017,          0.017,          0.017,          0.017,          0.017,          0.017,          0.016,          0.016,          0.015,          0.015,          0.015,          0.015,          0.014,          0.014,          0.014
INCOMELT190LN[1],Cambodia,,,Mil People,Base,          4.037,          3.628,          3.214,          3.573,          3.760,          3.529,          3.260,          3.024,          2.706,          2.426,          2.190,          1.989,          1.809,          1.641,          1.470,          1.311,          1.166,          1.034,          0.915,          0.807,          0.710,          0.621,          0.541,          0.467
INCOMELT190LN[1],Cameroon,,,Mil People,Base,          5.814,          5.859,          5.961,          6.289,          6.421,          6.388,          6.361,          6.460,          6.464,          6.458,          6.466,          6.496,          6.539,          6.587,          6.624,          6.636,          6.630,          6.613,          6.591,          6.563,          6.529,          6.486,          6.429,          6.353
INCOMELT190LN[1],Canada,,,Mil People,Base,          0.091,          0.088,          0.085,          0.092,          0.090,          0.090,          0.085,          0.080,          0.078,          0.076,          0.075,          0.074,          0.072,          0.071,          0.069,          0.067,          0.065,          0.064,          0.062,          0.061,          0.059,          0.057,          0.055,          0.053
INCOMELT190LN[1],Central African Republic,,,Mil People,Base,          3.326,          3.337,          3.378,          3.485,          3.618,          3.711,          3.790,          3.884,          3.962,          4.037,          4.130,          4.234,          4.341,          4.443,          4.535,          4.621,          4.706,          4.792,          4.879,          4.968,          5.059,          5.150,          5.238,          5.323
INCOMELT190LN[1],Chad,,,Mil People,Base,          6.134,          6.381,          6.516,          7.001,          7.422,          7.715,          8.088,          7.994,          8.198,          8.281,          8.375,          8.497,          8.647,          8.808,          8.966,          9.111,          9.242,          9.360,          9.465,          9.559,          9.643,          9.714,          9.770,          9.809
INCOMELT190LN[1],Chile,,,Mil People,Base,          0.053,          0.051,          0.051,          0.056,          0.051,          0.050,          0.047,          0.041,          0.039,          0.037,          0.035,          0.033,          0.031,          0.030,          0.028,          0.026,          0.025,          0.023,          0.021,          0.019,          0.017,          0.016,          0.015,          0.014
INCOMELT190LN[1],China,,,Mil People,Base,          5.595,          4.372,          3.365,          2.832,          2.099,          1.746,          1.433,          1.094,          0.931,          0.786,          0.648,          0.518,          0.402,          0.306,          0.230,          0.174,          0.134,          0.104,          0.082,          0.065,          0.053,          0.042,          0.034,          0.027
INCOMELT190LN[1],Colombia,,,Mil People,Base,          1.970,          2.037,          2.160,          2.413,          2.299,          2.235,          2.109,          1.847,          1.737,          1.661,          1.613,          1.588,          1.573,          1.557,          1.538,          1.517,          1.495,          1.475,          1.454,          1.432,          1.408,          1.380,          1.352,          1.331
INCOMELT190LN[1],Comoros,,,Mil People,Base,          0.152,          0.154,          0.158,          0.159,          0.164,          0.162,          0.164,          0.166,          0.168,          0.169,          0.169,          0.169,          0.168,          0.168,          0.167,          0.166,          0.165,          0.164,          0.162,          0.160,          0.158,          0.155,          0.152,          0.149
INCOMELT190LN[1],Congo,,,Mil People,Base,          2.073,          2.345,          2.357,          2.664,          2.775,          2.919,          3.190,          3.265,          3.205,          3.049,          2.922,          2.827,          2.736,          2.630,          2.526,          2.405,          2.256,          2.081,          1.919,          1.870,          1.777,          1.681,          1.584,          1.487
INCOMELT190LN[1],Congo; Dem. Republic of the,,,Mil People,Base,          59.14,          60.48,          61.90,          64.80,          66.62,          67.73,          68.53,          70.46,          71.57,          72.52,          73.20,          73.58,          73.72,          73.65,          73.39,          72.87,          72.12,          71.27,          70.39,          69.45,          68.44,          67.33,          66.08,          64.68
INCOMELT190LN[1],Costa Rica,,,Mil People,Base,          0.052,          0.051,          0.049,          0.056,          0.051,          0.048,          0.046,          0.043,          0.040,          0.037,          0.034,          0.032,          0.030,          0.028,          0.026,          0.024,          0.022,          0.021,          0.019,          0.018,          0.017,          0.015,          0.014,          0.013
INCOMELT190LN[1],Cote D'Ivoire,,,Mil People,Base,          6.090,          5.870,          5.717,          5.903,          5.803,          5.633,          5.503,          5.787,          5.644,          5.535,          5.444,          5.362,          5.289,          5.219,          5.147,          5.078,          5.015,          4.955,          4.891,          4.823,          4.746,          4.660,          4.559,          4.442
INCOMELT190LN[1],Croatia,,,Mil People,Base,          0.022,          0.019,          0.015,          0.014,          0.013,          0.013,          0.011,          0.009,          0.007,          0.005,          0.004,          0.003,          0.003,          0.002,          0.002,          0.001,          0.001,          0.001,          0.001,          0.001,          0.001,          0.001,          0.001,          0.001
INCOMELT190LN[1],Cuba,,,Mil People,Base,          0.225,          0.211,          0.208,          0.210,          0.206,          0.197,          0.204,          0.173,          0.195,          0.184,          0.170,          0.153,          0.135,          0.119,          0.104,          0.092,          0.083,          0.076,          0.071,          0.067,          0.064,          0.061,          0.058,          0.054
INCOMELT190LN[1],Cyprus,,,Mil People,Base,         0.0004,         0.0013,         0.0010,         0.0012,         0.0011,         0.0011,         0.0010,         0.0011,         0.0009,         0.0008,         0.0007,         0.0006,         0.0006,         0.0005,         0.0005,         0.0005,         0.0004,         0.0004,         0.0004,         0.0004,         0.0003,         0.0003,         0.0003,         0.0002
INCOMELT190LN[1],Czech Republic,,,Mil People,Base,          0.000,          0.012,          0.011,          0.012,          0.013,          0.015,          0.017,          0.014,          0.012,          0.010,          0.009,          0.008,          0.007,          0.006,          0.005,          0.005,          0.004,          0.004,          0.003,          0.003,          0.003,          0.002,          0.002,          0.002
INCOMELT190LN[1],Denmark,,,Mil People,Base,          0.008,          0.007,          0.006,          0.005,          0.005,          0.004,          0.004,          0.004,          0.003,          0.002,          0.002,          0.001,          0.001,          0.001,          0.001,          0.001,          0.001,          0.000,          0.000,          0.000,          0.000,          0.000,          0.000,          0.000
INCOMELT190LN[1],Djibouti,,,Mil People,Base,          0.161,          0.142,          0.135,          0.157,          0.165,          0.174,          0.178,          0.182,          0.170,          0.158,          0.150,          0.146,          0.145,          0.144,          0.142,          0.136,          0.128,          0.119,          0.111,          0.105,          0.100,          0.096,          0.092,          0.088
INCOMELT190LN[1],Dominican Republic,,,Mil People,Base,          0.073,          0.063,          0.059,          0.074,          0.060,          0.053,          0.048,          0.043,          0.039,          0.035,          0.032,          0.029,          0.026,          0.024,          0.021,          0.019,          0.017,          0.016,          0.014,          0.012,          0.011,          0.010,          0.009,          0.008
INCOMELT190LN[1],Ecuador,,,Mil People,Base,          0.541,          0.565,          0.607,          0.714,          0.743,          0.747,          0.777,          0.575,          0.518,          0.456,          0.401,          0.351,          0.308,          0.273,          0.246,          0.221,          0.202,          0.188,          0.175,          0.163,          0.151,          0.138,          0.124,          0.113
INCOMELT190LN[1],Egypt,,,Mil People,Base,          2.866,          2.738,          2.787,          2.942,          3.128,          3.208,          3.293,          3.508,          3.605,          3.718,          3.820,          3.904,          3.973,          4.015,          4.027,          4.009,          3.967,          3.918,          3.864,          3.791,          3.707,          3.622,          3.517,          3.396
INCOMELT190LN[1],El Salvador,,,Mil People,Base,          0.122,          0.116,          0.107,          0.135,          0.107,          0.101,          0.100,          0.103,          0.096,          0.089,          0.082,          0.077,          0.072,          0.068,          0.064,          0.061,          0.057,          0.053,          0.050,          0.047,          0.044,          0.041,          0.038,          0.036
INCOMELT190LN[1],Equatorial Guinea,,,Mil People,Base,          0.015,          0.019,          0.024,          0.031,          0.032,          0.038,          0.042,          0.032,          0.034,          0.033,          0.032,          0.032,          0.031,          0.030,          0.028,          0.026,          0.024,          0.022,          0.020,          0.018,          0.017,          0.015,          0.014,          0.013
INCOMELT190LN[1],Eritrea,,,Mil People,Base,          1.286,          1.141,          1.117,          1.180,          1.294,          1.403,          1.518,          1.573,          1.538,          1.472,          1.411,          1.363,          1.319,          1.276,          1.234,          1.193,          1.159,          1.131,          1.109,          1.089,          1.067,          1.013,          0.949,          0.885
INCOMELT190LN[1],Estonia,,,Mil People,Base,          0.004,          0.003,          0.003,          0.004,          0.003,          0.004,          0.004,          0.004,          0.004,          0.004,          0.003,          0.002,          0.002,          0.001,          0.001,          0.001,          0.001,          0.001,          0.001,          0.000,          0.000,          0.000,          0.000,          0.000
INCOMELT190LN[1],Eswatini,,,Mil People,Base,          0.322,          0.317,          0.311,          0.323,          0.323,          0.321,          0.324,          0.319,          0.312,          0.300,          0.287,          0.276,          0.266,          0.257,          0.250,          0.244,          0.238,          0.232,          0.226,          0.219,          0.213,          0.207,          0.200,          0.193
INCOMELT190LN[1],Ethiopia,,,Mil People,Base,          27.93,          26.39,          24.70,          25.59,          26.58,          25.26,          24.54,          24.65,          23.45,          22.18,          20.99,          19.95,          19.05,          18.16,          17.27,          16.37,          15.48,          14.67,          13.88,          13.07,          12.22,          11.36,          10.49,          9.620
INCOMELT190LN[1],Fiji,,,Mil People,Base,          0.002,          0.002,          0.002,          0.005,          0.006,          0.006,          0.006,          0.006,          0.006,          0.005,          0.006,          0.006,          0.007,          0.008,          0.009,          0.010,          0.010,          0.011,          0.011,          0.012,          0.012,          0.012,          0.012,          0.011
INCOMELT190LN[1],Finland,,,Mil People,Base,          0.004,          0.007,          0.006,          0.006,          0.005,          0.005,          0.004,          0.004,          0.003,          0.003,          0.003,          0.003,          0.003,          0.003,          0.002,          0.002,          0.002,          0.002,          0.002,          0.002,          0.002,          0.002,          0.001,          0.001
INCOMELT190LN[1],France,,,Mil People,Base,          0.009,          0.079,          0.075,          0.071,          0.079,          0.082,          0.075,          0.063,          0.057,          0.051,          0.046,          0.042,          0.038,          0.035,          0.032,          0.029,          0.027,          0.025,          0.024,          0.022,          0.021,          0.020,          0.019,          0.017
INCOMELT190LN[1],Gabon,,,Mil People,Base,          0.070,          0.074,          0.071,          0.076,          0.071,          0.061,          0.055,          0.045,          0.041,          0.037,          0.033,          0.029,          0.026,          0.023,          0.020,          0.018,          0.016,          0.015,          0.014,          0.013,          0.013,          0.012,          0.012,          0.012
INCOMELT190LN[1],Gambia,,,Mil People,Base,          0.224,          0.207,          0.193,          0.221,          0.225,          0.215,          0.210,          0.225,          0.200,          0.176,          0.156,          0.139,          0.126,          0.115,          0.106,          0.097,          0.089,          0.080,          0.072,          0.063,          0.054,          0.047,          0.040,          0.035
INCOMELT190LN[1],Georgia,,,Mil People,Base,          0.199,          0.178,          0.154,          0.184,          0.158,          0.139,          0.124,          0.110,          0.098,          0.087,          0.076,          0.067,          0.059,          0.053,          0.047,          0.041,          0.036,          0.031,          0.027,          0.023,          0.020,          0.017,          0.015,          0.013
INCOMELT190LN[1],Germany,,,Mil People,Base,          0.000,          0.080,          0.078,          0.082,          0.083,          0.087,          0.085,          0.070,          0.062,          0.055,          0.050,          0.046,          0.043,          0.039,          0.036,          0.033,          0.030,          0.028,          0.025,          0.023,          0.021,          0.019,          0.018,          0.016
INCOMELT190LN[1],Ghana,,,Mil People,Base,          3.708,          3.557,          3.441,          3.648,          3.649,          3.510,          3.497,          3.487,          3.446,          3.391,          3.334,          3.280,          3.228,          3.181,          3.135,          3.087,          3.034,          2.979,          2.918,          2.850,          2.775,          2.696,          2.609,          2.514
INCOMELT190LN[1],Greece,,,Mil People,Base,          0.094,          0.087,          0.081,          0.073,          0.071,          0.072,          0.063,          0.057,          0.050,          0.047,          0.044,          0.042,          0.040,          0.038,          0.035,          0.033,          0.031,          0.029,          0.027,          0.025,          0.023,          0.021,          0.019,          0.017
INCOMELT190LN[1],Grenada,,,Mil People,Base,          0.009,          0.008,          0.008,          0.011,          0.011,          0.010,          0.009,          0.008,          0.007,          0.006,          0.006,          0.006,          0.005,          0.005,          0.004,          0.004,          0.004,          0.003,          0.003,          0.003,          0.003,          0.002,          0.002,          0.002
INCOMELT190LN[1],Guatemala,,,Mil People,Base,          1.253,          1.260,          1.256,          1.360,          1.301,          1.274,          1.271,          1.281,          1.273,          1.263,          1.251,          1.237,          1.221,          1.203,          1.184,          1.163,          1.141,          1.117,          1.090,          1.061,          1.031,          1.001,          0.970,          0.938
INCOMELT190LN[1],Guinea,,,Mil People,Base,          2.936,          2.881,          3.073,          3.309,          3.334,          3.233,          3.249,          3.575,          3.682,          3.798,          3.896,          3.974,          4.032,          4.067,          4.109,          4.160,          4.200,          4.215,          4.185,          4.081,          3.891,          3.621,          3.289,          2.924
INCOMELT190LN[1],Guinea Bissau,,,Mil People,Base,          1.174,          1.215,          1.236,          1.298,          1.329,          1.353,          1.368,          1.383,          1.403,          1.420,          1.435,          1.449,          1.463,          1.476,          1.489,          1.502,          1.514,          1.526,          1.538,          1.549,          1.558,          1.567,          1.574,          1.579
INCOMELT190LN[1],Guyana,,,Mil People,Base,          0.038,          0.038,          0.037,          0.020,          0.014,          0.005,          0.002,          0.004,          0.002,          0.001,          0.001,          0.000,          0.000,          0.000,          0.000,          0.000,          0.000,          0.000,          0.000,          0.000,          0.000,          0.000,          0.000,          0.000
INCOMELT190LN[1],Haiti,,,Mil People,Base,          2.808,          2.837,          2.964,          3.165,          3.233,          3.225,          3.248,          3.153,          3.119,          3.075,          3.036,          2.997,          2.954,          2.907,          2.855,          2.798,          2.739,          2.681,          2.628,          2.579,          2.535,          2.495,          2.454,          2.414
INCOMELT190LN[1],Honduras,,,Mil People,Base,          1.661,          1.656,          1.684,          1.986,          2.012,          2.007,          2.039,          2.010,          2.028,          2.028,          2.033,          2.044,          2.059,          2.067,          2.074,          2.080,          2.081,          2.078,          2.070,          2.061,          2.051,          2.041,          2.029,          2.017
INCOMELT190LN[1],Hong Kong,,,Mil People,Base,          0.000,          0.007,          0.007,          0.010,          0.008,          0.007,          0.007,          0.007,          0.007,          0.007,          0.007,          0.008,          0.008,          0.007,          0.007,          0.007,          0.006,          0.005,          0.005,          0.004,          0.004,          0.003,          0.002,          0.002
INCOMELT190LN[1],Hungary,,,Mil People,Base,          0.058,          0.044,          0.037,          0.035,          0.037,          0.036,          0.031,          0.027,          0.022,          0.018,          0.015,          0.013,          0.011,          0.010,          0.009,          0.008,          0.007,          0.006,          0.006,          0.005,          0.005,          0.004,          0.004,          0.003
INCOMELT190LN[1],Iceland,,,Mil People,Base,         0.0001,         0.0006,         0.0003,         0.0004,         0.0003,         0.0004,         0.0004,         0.0003,         0.0002,         0.0001,         0.0001,         0.0000,         0.0000,         0.0000,         0.0000,         0.0000,         0.0000,         0.0000,         0.0000,         0.0000,         0.0000,         0.0000,         0.0000,         0.0000
INCOMELT190LN[1],India,,,Mil People,Base,          139.1,          124.4,          117.9,          123.2,          125.3,          115.0,          104.0,          103.3,          94.23,          87.56,          82.08,          77.16,          72.51,          67.84,          62.96,          58.35,          54.27,          50.79,          47.79,          45.34,          43.24,          41.21,          39.24,          37.21
INCOMELT190LN[1],Indonesia,,,Mil People,Base,          11.79,          10.81,          9.601,          9.833,          9.608,          8.670,          7.651,          6.848,          6.211,          5.688,          5.248,          4.865,          4.523,          4.197,          3.879,          3.562,          3.235,          2.944,          2.694,          2.488,          2.308,          2.152,          1.992,          1.836
INCOMELT190LN[1],Iran,,,Mil People,Base,          0.274,          0.337,          0.387,          0.438,          0.419,          0.395,          0.376,          0.361,          0.424,          0.490,          0.525,          0.504,          0.435,          0.364,          0.301,          0.248,          0.211,          0.183,          0.163,          0.148,          0.136,          0.124,          0.114,          0.103
INCOMELT190LN[1],Iraq,,,Mil People,Base,          0.464,          0.529,          0.545,          0.689,          0.689,          0.684,          0.691,          0.646,          0.562,          0.462,          0.370,          0.295,          0.238,          0.196,          0.163,          0.136,          0.113,          0.093,          0.077,          0.063,          0.052,          0.043,          0.036,          0.029
INCOMELT190LN[1],Ireland,,,Mil People,Base,          0.006,          0.004,          0.003,          0.003,          0.001,          0.001,          0.001,          0.001,          0.000,          0.000,          0.000,          0.000,          0.000,          0.000,          0.000,          0.000,          0.000,          0.000,          0.000,          0.000,          0.000,          0.000,          0.000,          0.000
INCOMELT190LN[1],Israel,,,Mil People,Base,          0.020,          0.024,          0.029,          0.043,          0.050,          0.061,          0.108,          0.098,          0.109,          0.105,          0.095,          0.086,          0.079,          0.072,          0.065,          0.058,          0.050,          0.042,          0.035,          0.028,          0.023,          0.018,          0.015,          0.012
INCOMELT190LN[1],Italy,,,Mil People,Base,          0.860,          0.818,          0.802,          0.819,          0.824,          0.852,          0.810,          0.712,          0.661,          0.612,          0.570,          0.533,          0.500,          0.468,          0.437,          0.406,          0.378,          0.353,          0.329,          0.309,          0.289,          0.272,          0.254,          0.238
INCOMELT190LN[1],Jamaica,,,Mil People,Base,          0.054,          0.052,          0.051,          0.066,          0.061,          0.059,          0.059,          0.057,          0.055,          0.053,          0.052,          0.051,          0.051,          0.050,          0.050,          0.049,          0.048,          0.046,          0.044,          0.043,          0.042,          0.041,          0.039,          0.038
INCOMELT190LN[1],Japan,,,Mil People,Base,          0.928,          0.883,          0.879,          0.918,          0.859,          0.832,          0.807,          0.707,          0.667,          0.632,          0.605,          0.581,          0.558,          0.533,          0.507,          0.479,          0.452,          0.426,          0.403,          0.381,          0.360,          0.340,          0.319,          0.299
INCOMELT190LN[1],Jordan,,,Mil People,Base,          0.021,          0.021,          0.021,          0.024,          0.021,          0.018,          0.016,          0.013,          0.011,          0.009,          0.008,          0.007,          0.006,          0.005,          0.004,          0.003,          0.003,          0.003,          0.002,          0.002,          0.002,          0.002,          0.001,          0.001
INCOMELT190LN[1],Kazakhstan,,,Mil People,Base,          0.004,          0.022,          0.019,          0.019,          0.019,          0.018,          0.016,          0.013,          0.011,          0.009,          0.008,          0.006,          0.005,          0.004,          0.004,          0.003,          0.003,          0.002,          0.002,          0.001,          0.001,          0.001,          0.001,          0.001
INCOMELT190LN[1],Kenya,,,Mil People,Base,          17.60,          16.94,          16.31,          16.77,          16.74,          16.10,          15.65,          15.93,          15.30,          14.67,          14.07,          13.51,          13.01,          12.54,          12.11,          11.72,          11.33,          10.90,          10.45,          9.974,          9.488,          9.000,          8.504,          7.996
INCOMELT190LN[1],Korea; Dem. People's Republic,,,Mil People,Base,          8.165,          8.147,          8.068,          7.998,          7.864,          7.764,          7.744,          7.265,          7.246,          7.122,          6.926,          6.678,          6.408,          6.143,          5.916,          5.815,          5.857,          6.032,          6.258,          6.570,          6.808,          6.938,          6.899,          6.679
INCOMELT190LN[1],Korea; Republic of,,,Mil People,Base,          0.127,          0.110,          0.088,          0.086,          0.069,          0.065,          0.059,          0.050,          0.044,          0.038,          0.030,          0.023,          0.016,          0.011,          0.008,          0.006,          0.005,          0.004,          0.003,          0.002,          0.002,          0.001,          0.001,          0.001
INCOMELT190LN[1],Kosovo,,,Mil People,Base,          0.008,          0.024,          0.015,          0.018,          0.014,          0.012,          0.013,          0.015,          0.020,          0.026,          0.029,          0.030,          0.028,          0.025,          0.023,          0.021,          0.019,          0.016,          0.014,          0.012,          0.010,          0.009,          0.007,          0.006
INCOMELT190LN[1],Kuwait,,,Mil People,Base,          0.000,          0.004,          0.004,          0.004,          0.006,          0.006,          0.007,          0.006,          0.006,          0.005,          0.004,          0.003,          0.002,          0.002,          0.001,          0.001,          0.001,          0.001,          0.001,          0.001,          0.001,          0.001,          0.001,          0.000
INCOMELT190LN[1],Kyrgyzstan,,,Mil People,Base,          0.067,          0.065,          0.065,          0.116,          0.146,          0.158,          0.171,          0.169,          0.183,          0.194,          0.203,          0.209,          0.214,          0.216,          0.218,          0.218,          0.211,          0.205,          0.197,          0.188,          0.179,          0.173,          0.165,          0.156
INCOMELT190LN[1],Lao People's Dem. Republic,,,Mil People,Base,          0.661,          0.609,          0.560,          0.600,          0.584,          0.535,          0.505,          0.456,          0.435,          0.411,          0.388,          0.367,          0.348,          0.327,          0.302,          0.276,          0.248,          0.221,          0.196,          0.172,          0.150,          0.131,          0.113,          0.096
INCOMELT190LN[1],Latvia,,,Mil People,Base,          0.015,          0.012,          0.009,          0.009,          0.009,          0.009,          0.008,          0.009,          0.008,          0.007,          0.006,          0.004,          0.003,          0.003,          0.003,          0.002,          0.002,          0.002,          0.001,          0.001,          0.001,          0.001,          0.001,          0.001
INCOMELT190LN[1],Lebanon,,,Mil People,Base,          0.281,          0.320,          0.438,          0.912,          0.966,          0.947,          0.927,          0.770,          0.745,          0.749,          0.800,          0.900,          1.031,          1.147,          1.204,          1.192,          1.143,          1.091,          1.048,          1.017,          0.987,          0.951,          0.896,          0.818
INCOMELT190LN[1],Lesotho,,,Mil People,Base,          0.583,          0.591,          0.593,          0.703,          0.718,          0.746,          0.776,          0.778,          0.795,          0.801,          0.806,          0.823,          0.848,          0.873,          0.892,          0.902,          0.906,          0.904,          0.897,          0.886,          0.871,          0.852,          0.829,          0.802
INCOMELT190LN[1],Liberia,,,Mil People,Base,          2.095,          2.197,          2.354,          2.594,          2.591,          2.557,          2.599,          2.753,          2.929,          3.124,          3.298,          3.410,          3.474,          3.504,          3.512,          3.502,          3.469,          3.414,          3.333,          3.225,          3.096,          2.967,          2.846,          2.733
INCOMELT190LN[1],Libya,,,Mil People,Base,          0.299,          0.211,          0.190,          0.267,          0.071,          0.038,          0.002,          0.010,          0.008,          0.007,          0.005,          0.003,          0.003,          0.003,          0.003,          0.003,          0.003,          0.003,          0.002,          0.002,          0.002,          0.001,          0.001,          0.001
INCOMELT190LN[1],Lithuania,,,Mil People,Base,          0.029,          0.024,          0.019,          0.017,          0.015,          0.013,          0.012,          0.011,          0.010,          0.009,          0.008,          0.007,          0.006,          0.006,          0.005,          0.005,          0.004,          0.004,          0.003,          0.003,          0.002,          0.002,          0.002,          0.002
INCOMELT190LN[1],Luxembourg,,,Mil People,Base,         0.0016,         0.0017,         0.0020,         0.0030,         0.0026,         0.0020,         0.0016,         0.0006,         0.0005,         0.0005,         0.0004,         0.0004,         0.0004,         0.0004,         0.0003,         0.0003,         0.0003,         0.0002,         0.0002,         0.0001,         0.0001,         0.0001,         0.0001,         0.0001
INCOMELT190LN[1],Macedonia; North,,,Mil People,Base,          0.095,          0.088,          0.080,          0.097,          0.095,          0.094,          0.096,          0.100,          0.096,          0.089,          0.084,          0.082,          0.080,          0.078,          0.075,          0.071,          0.066,          0.061,          0.056,          0.051,          0.046,          0.042,          0.038,          0.035
INCOMELT190LN[1],Madagascar,,,Mil People,Base,          19.55,          19.94,          20.20,          21.35,          21.91,          22.11,          22.26,          22.49,          22.67,          22.83,          22.99,          23.17,          23.36,          23.55,          23.72,          23.87,          24.00,          24.11,          24.19,          24.26,          24.32,          24.39,          24.46,          24.52
INCOMELT190LN[1],Malawi,,,Mil People,Base,          12.43,          12.51,          12.47,          13.06,          13.43,          13.56,          13.59,          13.78,          13.75,          13.63,          13.41,          13.10,          12.71,          12.30,          11.87,          11.40,          10.90,          10.37,          9.797,          9.205,          8.597,          7.979,          7.355,          6.734
INCOMELT190LN[1],Malaysia,,,Mil People,Base,          0.002,          0.039,          0.036,          0.038,          0.040,          0.042,          0.046,          0.041,          0.037,          0.033,          0.030,          0.027,          0.025,          0.024,          0.022,          0.021,          0.020,          0.019,          0.018,          0.016,          0.015,          0.013,          0.012,          0.011
INCOMELT190LN[1],Maldives,,,Mil People,Base,          0.022,          0.020,          0.018,          0.054,          0.040,          0.032,          0.023,          0.019,          0.015,          0.014,          0.013,          0.012,          0.012,          0.011,          0.010,          0.009,          0.008,          0.007,          0.006,          0.006,          0.005,          0.004,          0.003,          0.003
INCOMELT190LN[1],Mali,,,Mil People,Base,          8.276,          8.297,          8.365,          9.306,          9.766,          9.850,          10.00,          10.25,          10.25,          10.22,          10.19,          10.20,          10.23,          10.27,          10.32,          10.35,          10.34,          10.30,          10.23,          10.14,          10.03,          9.903,          9.772,          9.628
INCOMELT190LN[1],Malta,,,Mil People,Base,         0.0007,         0.0005,         0.0003,         0.0005,         0.0004,         0.0004,         0.0003,         0.0003,         0.0002,         0.0001,         0.0001,         0.0001,         0.0000,         0.0000,         0.0000,         0.0000,         0.0000,         0.0000,         0.0000,         0.0000,         0.0000,         0.0000,         0.0000,         0.0000
INCOMELT190LN[1],Mauritania,,,Mil People,Base,          0.279,          0.291,          0.283,          0.319,          0.335,          0.343,          0.364,          0.419,          0.445,          0.473,          0.496,          0.512,          0.524,          0.533,          0.542,          0.547,          0.545,          0.535,          0.518,          0.496,          0.470,          0.444,          0.419,          0.407
INCOMELT190LN[1],Mauritius,,,Mil People,Base,          0.003,          0.002,          0.002,          0.005,          0.004,          0.004,          0.005,          0.005,          0.005,          0.005,          0.005,          0.005,          0.005,          0.005,          0.005,          0.005,          0.006,          0.006,          0.006,          0.006,          0.005,          0.004,          0.004,          0.003
INCOMELT190LN[1],Mexico,,,Mil People,Base,          2.400,          2.393,          2.376,          2.632,          2.552,          2.491,          2.493,          2.313,          2.260,          2.185,          2.112,          2.041,          1.971,          1.898,          1.822,          1.741,          1.660,          1.585,          1.514,          1.446,          1.381,          1.322,          1.265,          1.210
INCOMELT190LN[1],Micronesia,,,Mil People,Base,          0.017,          0.017,          0.017,          0.017,          0.018,          0.018,          0.019,          0.019,          0.019,          0.018,          0.018,          0.018,          0.018,          0.018,          0.018,          0.018,          0.018,          0.019,          0.019,          0.020,          0.022,          0.024,          0.024,          0.023
INCOMELT190LN[1],Moldova; Republic of,,,Mil People,Base,          0.002,          0.004,          0.004,          0.007,          0.008,          0.008,          0.008,          0.010,          0.010,          0.012,          0.014,          0.015,          0.015,          0.014,          0.012,          0.012,          0.011,          0.010,          0.009,          0.008,          0.007,          0.006,          0.005,          0.004
INCOMELT190LN[1],Mongolia,,,Mil People,Base,          0.016,          0.013,          0.010,          0.014,          0.016,          0.016,          0.015,          0.012,          0.008,          0.005,          0.003,          0.001,          0.001,          0.000,          0.000,          0.000,          0.000,          0.000,          0.000,          0.000,          0.000,          0.000,          0.000,          0.000
INCOMELT190LN[1],Montenegro,,,Mil People,Base,          0.006,          0.006,          0.005,          0.008,          0.007,          0.006,          0.006,          0.006,          0.005,          0.004,          0.004,          0.004,          0.004,          0.003,          0.003,          0.003,          0.002,          0.002,          0.002,          0.001,          0.001,          0.001,          0.001,          0.001
INCOMELT190LN[1],Morocco,,,Mil People,Base,          0.250,          0.237,          0.222,          0.235,          0.243,          0.256,          0.258,          0.242,          0.226,          0.211,          0.195,          0.181,          0.169,          0.159,          0.149,          0.139,          0.130,          0.123,          0.117,          0.112,          0.107,          0.103,          0.099,          0.094
INCOMELT190LN[1],Mozambique,,,Mil People,Base,          17.82,          18.15,          18.70,          19.89,          20.80,          21.02,          20.45,          21.27,          21.42,          21.83,          22.17,          22.28,          22.18,          21.95,          21.66,          21.36,          21.06,          20.75,          20.39,          19.96,          19.46,          18.90,          18.31,          17.67
INCOMELT190LN[1],Myanmar,,,Mil People,Base,          0.728,          0.553,          0.481,          0.615,          1.149,          1.758,          2.610,          1.375,          1.458,          1.335,          1.173,          1.007,          0.875,          0.818,          0.808,          0.806,          0.769,          0.682,          0.568,          0.460,          0.377,          0.321,          0.288,          0.268
INCOMELT190LN[1],Namibia,,,Mil People,Base,          0.353,          0.363,          0.369,          0.425,          0.440,          0.444,          0.459,          0.456,          0.463,          0.462,          0.460,          0.458,          0.454,          0.444,          0.429,          0.409,          0.388,          0.365,          0.341,          0.317,          0.292,          0.266,          0.239,          0.209
INCOMELT190LN[1],Nepal,,,Mil People,Base,          1.649,          1.393,          1.354,          1.608,          1.823,          1.865,          1.786,          1.714,          1.724,          1.761,          1.835,          1.924,          2.000,          2.076,          2.150,          2.220,          2.282,          2.350,          2.436,          2.546,          2.672,          2.808,          2.936,          3.052
INCOMELT190LN[1],Netherlands,,,Mil People,Base,          0.032,          0.029,          0.026,          0.031,          0.027,          0.023,          0.019,          0.017,          0.015,          0.013,          0.012,          0.011,          0.010,          0.009,          0.008,          0.007,          0.007,          0.006,          0.005,          0.005,          0.004,          0.004,          0.004,          0.003
INCOMELT190LN[1],New Zealand,,,Mil People,Base,          0.000,          0.004,          0.004,          0.004,          0.003,          0.003,          0.003,          0.002,          0.002,          0.002,          0.002,          0.002,          0.001,          0.001,          0.001,          0.001,          0.001,          0.001,          0.001,          0.001,          0.001,          0.001,          0.001,          0.000
INCOMELT190LN[1],Nicaragua,,,Mil People,Base,          0.137,          0.154,          0.171,          0.193,          0.178,          0.161,          0.156,          0.153,          0.160,          0.164,          0.160,          0.153,          0.145,          0.138,          0.130,          0.122,          0.115,          0.108,          0.101,          0.094,          0.089,          0.084,          0.079,          0.075
INCOMELT190LN[1],Niger,,,Mil People,Base,          9.375,          9.251,          9.323,          10.18,          10.64,          10.25,          9.266,          9.993,          9.648,          9.442,          9.222,          8.992,          8.780,          8.602,          8.458,          8.335,          8.215,          8.077,          7.922,          7.749,          7.557,          7.357,          7.153,          6.942
INCOMELT190LN[1],Nigeria,,,Mil People,Base,          78.95,          82.10,          84.83,          90.91,          93.08,          95.17,          97.77,          96.47,          99.09,          100.7,          101.8,          102.5,          103.0,          103.3,          103.5,          103.8,          104.4,          105.2,          105.8,          106.3,          106.6,          106.6,          106.5,          106.3
INCOMELT190LN[1],Norway,,,Mil People,Base,          0.013,          0.012,          0.010,          0.010,          0.010,          0.010,          0.009,          0.009,          0.007,          0.006,          0.005,          0.004,          0.004,          0.003,          0.003,          0.002,          0.002,          0.002,          0.002,          0.001,          0.001,          0.001,          0.001,          0.001
INCOMELT190LN[1],Oman,,,Mil People,Base,          0.000,          0.005,          0.005,          0.006,          0.006,          0.006,          0.006,          0.006,          0.005,          0.005,          0.005,          0.004,          0.003,          0.002,          0.002,          0.002,          0.001,          0.001,          0.001,          0.001,          0.001,          0.001,          0.001,          0.001
INCOMELT190LN[1],Pakistan,,,Mil People,Base,          4.859,          4.429,          4.647,          4.954,          5.182,          5.130,          5.254,          5.651,          5.790,          5.889,          5.955,          6.005,          6.049,          6.091,          6.131,          6.158,          6.203,          6.263,          6.320,          6.351,          6.337,          6.296,          6.227,          6.135
INCOMELT190LN[1],Palestine,,,Mil People,Base,          0.042,          0.047,          0.053,          0.091,          0.094,          0.093,          0.101,          0.093,          0.104,          0.111,          0.117,          0.122,          0.124,          0.124,          0.122,          0.119,          0.114,          0.108,          0.102,          0.097,          0.093,          0.090,          0.087,          0.083
INCOMELT190LN[1],Panama,,,Mil People,Base,          0.104,          0.101,          0.099,          0.127,          0.118,          0.123,          0.127,          0.114,          0.109,          0.103,          0.099,          0.096,          0.094,          0.093,          0.092,          0.090,          0.088,          0.086,          0.084,          0.082,          0.079,          0.077,          0.074,          0.071
INCOMELT190LN[1],Papua New Guinea,,,Mil People,Base,          2.220,          2.297,          2.152,          2.274,          2.232,          2.142,          2.081,          1.932,          1.796,          1.637,          1.488,          1.358,          1.245,          1.143,          1.053,          0.976,          0.912,          0.861,          0.824,          0.798,          0.781,          0.770,          0.763,          0.759
INCOMELT190LN[1],Paraguay,,,Mil People,Base,          0.070,          0.067,          0.067,          0.070,          0.065,          0.061,          0.057,          0.053,          0.051,          0.049,          0.045,          0.042,          0.038,          0.035,          0.032,          0.030,          0.027,          0.025,          0.023,          0.022,          0.020,          0.019,          0.018,          0.016
INCOMELT190LN[1],Peru,,,Mil People,Base,          1.076,          1.085,          1.147,          1.410,          1.346,          1.345,          1.251,          1.116,          1.010,          0.961,          0.919,          0.883,          0.850,          0.816,          0.777,          0.735,          0.693,          0.653,          0.618,          0.585,          0.557,          0.532,          0.510,          0.490
INCOMELT190LN[1],Philippines,,,Mil People,Base,          5.569,          5.255,          5.181,          6.516,          7.039,          7.457,          7.504,          7.434,          7.441,          7.506,          7.612,          7.744,          7.889,          8.011,          8.114,          8.190,          8.233,          8.259,          8.263,          8.267,          8.293,          8.329,          8.358,          8.349
INCOMELT190LN[1],Poland,,,Mil People,Base,          0.128,          0.101,          0.083,          0.069,          0.064,          0.059,          0.051,          0.040,          0.032,          0.025,          0.020,          0.016,          0.013,          0.011,          0.009,          0.008,          0.007,          0.006,          0.005,          0.004,          0.004,          0.003,          0.003,          0.002
INCOMELT190LN[1],Portugal,,,Mil People,Base,          0.042,          0.038,          0.035,          0.032,          0.030,          0.031,          0.030,          0.026,          0.022,          0.019,          0.017,          0.015,          0.014,          0.013,          0.012,          0.011,          0.010,          0.009,          0.008,          0.007,          0.007,          0.006,          0.005,          0.005
INCOMELT190LN[1],Puerto Rico,,,Mil People,Base,         0.0000,         0.0028,         0.0022,         0.0020,         0.0017,         0.0015,         0.0016,         0.0012,         0.0010,         0.0007,         0.0005,         0.0004,         0.0003,         0.0002,         0.0001,         0.0001,         0.0001,         0.0000,         0.0000,         0.0000,         0.0000,         0.0000,         0.0000,         0.0000
INCOMELT190LN[1],Qatar,,,Mil People,Base,          0.000,          0.003,          0.003,          0.003,          0.003,          0.003,          0.003,          0.002,          0.002,          0.001,          0.001,          0.001,          0.000,          0.000,          0.000,          0.000,          0.000,          0.000,          0.000,          0.000,          0.000,          0.000,          0.000,          0.000
INCOMELT190LN[1],Romania,,,Mil People,Base,          0.604,          0.513,          0.446,          0.433,          0.399,          0.364,          0.331,          0.297,          0.273,          0.251,          0.230,          0.212,          0.197,          0.182,          0.168,          0.155,          0.145,          0.135,          0.125,          0.117,          0.109,          0.100,          0.092,          0.084
INCOMELT190LN[1],Russian Federation,,,Mil People,Base,          0.063,          0.176,          0.157,          0.144,          0.137,          0.133,          0.123,          0.105,          0.093,          0.081,          0.071,          0.062,          0.054,          0.048,          0.042,          0.037,          0.033,          0.030,          0.027,          0.025,          0.023,          0.021,          0.020,          0.019
INCOMELT190LN[1],Rwanda,,,Mil People,Base,          6.729,          6.574,          6.407,          7.070,          7.286,          7.241,          7.140,          7.280,          7.197,          7.151,          7.117,          7.084,          7.049,          7.008,          6.952,          6.878,          6.781,          6.665,          6.532,          6.385,          6.225,          6.051,          5.867,          5.674
INCOMELT190LN[1],Samoa,,,Mil People,Base,         0.0011,         0.0012,         0.0010,         0.0011,         0.0013,         0.0013,         0.0013,         0.0011,         0.0011,         0.0010,         0.0010,         0.0009,         0.0008,         0.0008,         0.0007,         0.0007,         0.0006,         0.0006,         0.0006,         0.0006,         0.0005,         0.0005,         0.0005,         0.0005
INCOMELT190LN[1],Sao Tome and Principe,,,Mil People,Base,          0.074,          0.075,          0.077,          0.080,          0.083,          0.084,          0.085,          0.088,          0.090,          0.092,          0.093,          0.094,          0.095,          0.097,          0.099,          0.101,          0.103,          0.106,          0.108,          0.110,          0.111,          0.112,          0.113,          0.113
INCOMELT190LN[1],Saudi Arabia,,,Mil People,Base,          0.000,          0.032,          0.033,          0.040,          0.040,          0.036,          0.034,          0.025,          0.022,          0.018,          0.016,          0.013,          0.011,          0.009,          0.008,          0.007,          0.006,          0.006,          0.005,          0.005,          0.005,          0.004,          0.004,          0.003
INCOMELT190LN[1],Senegal,,,Mil People,Base,          4.738,          4.643,          4.678,          4.989,          5.107,          5.028,          4.644,          4.992,          4.792,          4.667,          4.557,          4.445,          4.308,          4.151,          3.978,          3.791,          3.594,          3.391,          3.188,          2.986,          2.785,          2.592,          2.404,          2.222
INCOMELT190LN[1],Serbia,,,Mil People,Base,          0.477,          0.424,          0.378,          0.350,          0.318,          0.288,          0.245,          0.224,          0.198,          0.177,          0.156,          0.137,          0.121,          0.108,          0.097,          0.087,          0.079,          0.073,          0.067,          0.062,          0.058,          0.054,          0.050,          0.047
INCOMELT190LN[1],Seychelles,,,Mil People,Base,         0.0009,         0.0009,         0.0008,         0.0011,         0.0010,         0.0009,         0.0008,         0.0009,         0.0009,         0.0009,         0.0008,         0.0007,         0.0006,         0.0005,         0.0005,         0.0005,         0.0004,         0.0004,         0.0004,         0.0004,         0.0004,         0.0003,         0.0003,         0.0003
INCOMELT190LN[1],Sierra Leone,,,Mil People,Base,          3.294,          3.312,          3.260,          3.616,          3.774,          3.759,          3.819,          3.995,          4.018,          3.996,          3.971,          3.961,          3.967,          3.979,          3.995,          4.010,          4.020,          4.018,          4.005,          3.980,          3.952,          3.924,          3.895,          3.863
INCOMELT190LN[1],Singapore,,,Mil People,Base,          0.000,          0.005,          0.005,          0.006,          0.005,          0.004,          0.004,          0.003,          0.002,          0.002,          0.002,          0.001,          0.001,          0.001,          0.001,          0.001,          0.001,          0.000,          0.000,          0.000,          0.000,          0.000,          0.000,          0.000
INCOMELT190LN[1],Slovakia,,,Mil People,Base,          0.072,          0.062,          0.054,          0.057,          0.056,          0.059,          0.056,          0.044,          0.037,          0.031,          0.027,          0.024,          0.022,          0.020,          0.019,          0.017,          0.016,          0.015,          0.013,          0.012,          0.011,          0.010,          0.009,          0.008
INCOMELT190LN[1],Slovenia,,,Mil People,Base,         0.0000,         0.0016,         0.0013,         0.0011,         0.0010,         0.0011,         0.0009,         0.0006,         0.0005,         0.0004,         0.0003,         0.0002,         0.0002,         0.0001,         0.0001,         0.0001,         0.0001,         0.0001,         0.0000,         0.0000,         0.0000,         0.0000,         0.0000,         0.0000
INCOMELT190LN[1],Solomon Islands,,,Mil People,Base,          0.157,          0.159,          0.174,          0.209,          0.224,          0.220,          0.218,          0.208,          0.211,          0.211,          0.211,          0.210,          0.210,          0.209,          0.208,          0.207,          0.205,          0.202,          0.198,          0.193,          0.189,          0.185,          0.181,          0.178
INCOMELT190LN[1],Somalia,,,Mil People,Base,          6.740,          6.791,          6.895,          7.447,          7.839,          8.212,          8.543,          8.887,          9.030,          9.045,          9.042,          9.057,          9.112,          9.194,          9.283,          9.390,          9.485,          9.545,          9.561,          9.526,          9.379,          9.126,          8.818,          8.470
INCOMELT190LN[1],South Africa,,,Mil People,Base,          10.86,          11.03,          11.27,          11.82,          11.77,          11.85,          12.15,          11.93,          12.09,          12.14,          12.16,          12.16,          12.13,          12.07,          12.01,          11.93,          11.85,          11.80,          11.76,          11.73,          11.71,          11.69,          11.65,          11.60
INCOMELT190LN[1],Spain,,,Mil People,Base,          0.321,          0.298,          0.279,          0.283,          0.276,          0.284,          0.269,          0.232,          0.202,          0.178,          0.159,          0.143,          0.128,          0.114,          0.101,          0.090,          0.080,          0.072,          0.064,          0.057,          0.052,          0.046,          0.042,          0.038
INCOMELT190LN[1],Sri Lanka,,,Mil People,Base,          0.180,          0.165,          0.151,          0.152,          0.134,          0.120,          0.107,          0.089,          0.082,          0.073,          0.066,          0.058,          0.051,          0.044,          0.038,          0.033,          0.028,          0.024,          0.021,          0.018,          0.015,          0.013,          0.011,          0.009
INCOMELT190LN[1],St. Lucia,,,Mil People,Base,          0.008,          0.008,          0.008,          0.012,          0.012,          0.011,          0.010,          0.010,          0.008,          0.008,          0.007,          0.007,          0.007,          0.007,          0.006,          0.006,          0.006,          0.005,          0.005,          0.005,          0.005,          0.005,          0.004,          0.004
INCOMELT190LN[1],St. Vincent and the Grenadines,,,Mil People,Base,          0.012,          0.012,          0.012,          0.014,          0.016,          0.015,          0.015,          0.015,          0.014,          0.014,          0.014,          0.014,          0.014,          0.014,          0.013,          0.013,          0.013,          0.013,          0.013,          0.012,          0.012,          0.012,          0.011,          0.011
INCOMELT190LN[1],Sudan,,,Mil People,Base,          4.171,          4.270,          4.647,          5.296,          5.581,          5.420,          5.225,          4.890,          4.826,          4.684,          4.530,          4.378,          4.246,          4.128,          4.008,          3.891,          3.775,          3.653,          3.522,          3.384,          3.242,          3.102,          2.963,          2.826
INCOMELT190LN[1],Sudan South,,,Mil People,Base,          9.241,          8.809,          8.399,          8.201,          7.782,          7.612,          7.699,          8.032,          8.216,          8.292,          8.251,          8.083,          7.807,          7.478,          7.207,          7.031,          6.941,          6.917,          6.935,          7.001,          7.104,          7.298,          7.404,          7.501
INCOMELT190LN[1],Suriname,,,Mil People,Base,          0.110,          0.105,          0.100,          0.110,          0.107,          0.112,          0.119,          0.111,          0.106,          0.101,          0.097,          0.094,          0.093,          0.092,          0.090,          0.087,          0.083,          0.080,          0.076,          0.076,          0.075,          0.074,          0.073,          0.072
INCOMELT190LN[1],Sweden,,,Mil People,Base,          0.025,          0.023,          0.021,          0.022,          0.022,          0.023,          0.022,          0.021,          0.018,          0.016,          0.014,          0.013,          0.011,          0.010,          0.009,          0.008,          0.007,          0.006,          0.005,          0.005,          0.004,          0.004,          0.003,          0.003
INCOMELT190LN[1],Switzerland,,,Mil People,Base,          0.000,          0.008,          0.007,          0.007,          0.006,          0.006,          0.006,          0.005,          0.005,          0.004,          0.004,          0.004,          0.003,          0.003,          0.003,          0.003,          0.003,          0.002,          0.002,          0.002,          0.002,          0.002,          0.002,          0.001
INCOMELT190LN[1],Syrian Arab Republic,,,Mil People,Base,          5.915,          5.647,          5.483,          5.557,          5.781,          6.188,          7.034,          7.169,          7.650,          7.906,          8.018,          8.042,          8.050,          8.064,          8.081,          8.071,          7.998,          7.859,          7.718,          7.624,          7.550,          7.551,          7.618,          7.708
INCOMELT190LN[1],Taiwan,,,Mil People,Base,          0.000,          0.019,          0.016,          0.012,          0.008,          0.006,          0.005,          0.003,          0.003,          0.002,          0.002,          0.002,          0.001,          0.001,          0.001,          0.000,          0.000,          0.000,          0.000,          0.000,          0.000,          0.000,          0.000,          0.000
INCOMELT190LN[1],Tajikistan,,,Mil People,Base,          0.248,          0.217,          0.197,          0.204,          0.206,          0.209,          0.221,          0.225,          0.236,          0.237,          0.231,          0.221,          0.210,          0.199,          0.188,          0.176,          0.164,          0.153,          0.142,          0.132,          0.123,          0.116,          0.109,          0.103
INCOMELT190LN[1],Tanzania,,,Mil People,Base,          26.85,          26.77,          26.45,          27.60,          28.37,          28.42,          28.51,          28.98,          28.75,          28.34,          27.82,          27.36,          27.00,          26.76,          26.62,          26.53,          26.43,          26.31,          26.20,          26.13,          26.11,          26.11,          26.09,          26.05
INCOMELT190LN[1],Thailand,,,Mil People,Base,          0.021,          0.079,          0.066,          0.075,          0.077,          0.065,          0.053,          0.041,          0.031,          0.023,          0.017,          0.012,          0.009,          0.007,          0.005,          0.004,          0.003,          0.003,          0.002,          0.002,          0.001,          0.001,          0.001,          0.001
INCOMELT190LN[1],Timor-Leste,,,Mil People,Base,          0.262,          0.389,          0.233,          0.294,          0.402,          0.415,          0.454,          0.457,          0.449,          0.439,          0.429,          0.417,          0.390,          0.365,          0.351,          0.351,          0.340,          0.321,          0.302,          0.277,          0.255,          0.232,          0.210,          0.186
INCOMELT190LN[1],Togo,,,Mil People,Base,          3.688,          3.688,          3.684,          3.854,          3.961,          4.009,          4.078,          4.327,          4.372,          4.405,          4.429,          4.451,          4.473,          4.501,          4.534,          4.572,          4.608,          4.636,          4.654,          4.659,          4.644,          4.608,          4.548,          4.465
INCOMELT190LN[1],Tonga,,,Mil People,Base,         0.0007,         0.0008,         0.0011,         0.0015,         0.0018,         0.0018,         0.0019,         0.0019,         0.0022,         0.0024,         0.0027,         0.0030,         0.0031,         0.0030,         0.0029,         0.0029,         0.0028,         0.0028,         0.0027,         0.0026,         0.0025,         0.0024,         0.0024,         0.0023
INCOMELT190LN[1],Trinidad and Tobago,,,Mil People,Base,          0.004,          0.004,          0.004,          0.005,          0.006,          0.005,          0.005,          0.004,          0.004,          0.003,          0.002,          0.002,          0.002,          0.001,          0.001,          0.001,          0.001,          0.001,          0.001,          0.000,          0.000,          0.000,          0.000,          0.000
INCOMELT190LN[1],Tunisia,,,Mil People,Base,          0.028,          0.029,          0.031,          0.042,          0.046,          0.054,          0.070,          0.064,          0.072,          0.078,          0.084,          0.092,          0.099,          0.105,          0.111,          0.116,          0.121,          0.127,          0.128,          0.123,          0.116,          0.108,          0.100,          0.090
INCOMELT190LN[1],Turkey,,,Mil People,Base,          0.112,          0.107,          0.099,          0.101,          0.090,          0.079,          0.067,          0.057,          0.054,          0.051,          0.046,          0.042,          0.037,          0.032,          0.027,          0.024,          0.021,          0.019,          0.017,          0.015,          0.013,          0.012,          0.011,          0.009
INCOMELT190LN[1],Turkmenistan,,,Mil People,Base,          0.078,          0.068,          0.051,          0.050,          0.039,          0.035,          0.034,          0.023,          0.021,          0.019,          0.016,          0.013,          0.011,          0.009,          0.007,          0.007,          0.006,          0.005,          0.004,          0.004,          0.003,          0.003,          0.002,          0.002
INCOMELT190LN[1],Uganda,,,Mil People,Base,          17.08,          17.37,          17.04,          17.84,          18.04,          17.91,          17.61,          17.84,          17.37,          16.84,          16.31,          15.82,          15.33,          14.81,          14.27,          13.72,          13.15,          12.55,          11.94,          11.30,          10.65,          10.00,          9.341,          8.684
INCOMELT190LN[1],Ukraine,,,Mil People,Base,          0.010,          0.048,          0.037,          0.033,          0.032,          0.029,          0.024,          0.021,          0.016,          0.012,          0.009,          0.007,          0.006,          0.004,          0.004,          0.003,          0.003,          0.002,          0.002,          0.002,          0.002,          0.002,          0.001,          0.001
INCOMELT190LN[1],United Arab Emirates,,,Mil People,Base,          0.000,          0.010,          0.010,          0.012,          0.012,          0.014,          0.017,          0.011,          0.010,          0.009,          0.008,          0.007,          0.006,          0.006,          0.005,          0.005,          0.004,          0.003,          0.003,          0.003,          0.002,          0.002,          0.002,          0.001
INCOMELT190LN[1],United Kingdom,,,Mil People,Base,          0.137,          0.135,          0.137,          0.156,          0.151,          0.157,          0.159,          0.150,          0.152,          0.153,          0.154,          0.154,          0.153,          0.150,          0.147,          0.142,          0.137,          0.131,          0.125,          0.118,          0.112,          0.105,          0.097,          0.089
INCOMELT190LN[1],United States of America,,,Mil People,Base,          3.249,          3.093,          3.038,          3.175,          3.041,          2.846,          2.860,          2.801,          2.728,          2.664,          2.598,          2.530,          2.460,          2.389,          2.320,          2.253,          2.193,          2.135,          2.079,          2.023,          1.964,          1.899,          1.831,          1.759
INCOMELT190LN[1],Uruguay,,,Mil People,Base,          0.002,          0.005,          0.004,          0.004,          0.004,          0.004,          0.004,          0.004,          0.004,          0.003,          0.003,          0.002,          0.002,          0.002,          0.002,          0.001,          0.001,          0.001,          0.001,          0.001,          0.001,          0.001,          0.000,          0.000
INCOMELT190LN[1],Uzbekistan,,,Mil People,Base,          4.058,          3.825,          3.454,          3.373,          3.223,          3.042,          2.886,          2.693,          2.592,          2.468,          2.312,          2.124,          1.926,          1.742,          1.581,          1.443,          1.330,          1.234,          1.158,          1.100,          1.055,          1.012,          0.974,          0.932
INCOMELT190LN[1],Vanuatu,,,Mil People,Base,          0.042,          0.042,          0.042,          0.057,          0.064,          0.069,          0.072,          0.067,          0.063,          0.059,          0.056,          0.055,          0.056,          0.057,          0.057,          0.056,          0.053,          0.051,          0.048,          0.046,          0.044,          0.044,          0.043,          0.042
INCOMELT190LN[1],Venezuela; Bolivarian Republic,,,Mil People,Base,          4.199,          5.173,          9.174,          13.38,          12.72,          12.98,          14.33,          14.75,          16.67,          18.48,          19.86,          20.08,          19.78,          19.31,          18.78,          18.22,          17.59,          16.91,          16.18,          15.42,          14.66,          13.94,          13.29,          12.69
INCOMELT190LN[1],Viet Nam,,,Mil People,Base,          1.774,          1.461,          1.129,          1.028,          0.970,          0.824,          0.702,          0.647,          0.538,          0.446,          0.365,          0.295,          0.236,          0.187,          0.147,          0.114,          0.089,          0.071,          0.058,          0.047,          0.038,          0.031,          0.026,          0.021
INCOMELT190LN[1],Yemen,,,Mil People,Base,          13.14,          13.67,          14.40,          16.75,          17.92,          18.33,          17.78,          16.85,          16.59,          16.05,          15.63,          15.22,          14.79,          14.34,          13.85,          13.31,          12.75,          12.14,          11.49,          10.84,          10.24,          9.692,          9.178,          8.690
INCOMELT190LN[1],Zambia,,,Mil People,Base,          9.851,          10.01,          10.31,          10.86,          11.25,          11.52,          11.97,          11.77,          11.98,          12.15,          12.37,          12.61,          12.82,          12.97,          13.02,          13.00,          12.95,          12.92,          12.91,          12.93,          12.98,          13.06,          13.14,          13.23
INCOMELT190LN[1],Zimbabwe,,,Mil People,Base,          4.821,          4.729,          5.278,          5.944,          5.690,          5.550,          5.452,          5.331,          5.372,          5.374,          5.339,          5.257,          5.129,          4.980,          4.837,          4.700,          4.569,          4.442,          4.318,          4.198,          4.079,          3.968,          3.853,          3.736
